Name,FullName,URL,Stars,Commits
JavaGuide,Snailclimb/JavaGuide,https://github.com/Snailclimb/JavaGuide,140579,162425
java-design-patterns,iluwatar/java-design-patterns,https://github.com/iluwatar/java-design-patterns,85723,31560
GitHub-Chinese-Top-Charts,GrowingGit/GitHub-Chinese-Top-Charts,https://github.com/GrowingGit/GitHub-Chinese-Top-Charts,81914,66607
LeetCodeAnimation,MisterBooo/LeetCodeAnimation,https://github.com/MisterBooo/LeetCodeAnimation,74657,509807
mall,macrozheng/mall,https://github.com/macrozheng/mall,73787,58458
advanced-java,doocs/advanced-java,https://github.com/doocs/advanced-java,73356,33503
spring-boot,spring-projects/spring-boot,https://github.com/spring-projects/spring-boot,71663,169898
elasticsearch,elastic/elasticsearch,https://github.com/elastic/elasticsearch,66751,1165978
hello-algo,krahets/hello-algo,https://github.com/krahets/hello-algo,62205,233534
interviews,kdn251/interviews,https://github.com/kdn251/interviews,61244,24091
Java,TheAlgorithms/Java,https://github.com/TheAlgorithms/Java,55782,4010
spring-framework,spring-projects/spring-framework,https://github.com/spring-projects/spring-framework,54438,204041
guava,google/guava,https://github.com/google/guava,49065,458260
RxJava,ReactiveX/RxJava,https://github.com/ReactiveX/RxJava,47519,141264
ghidra,NationalSecurityAgency/ghidra,https://github.com/NationalSecurityAgency/ghidra,46177,329452
retrofit,square/retrofit,https://github.com/square/retrofit,42411,6192
dubbo,apache/dubbo,https://github.com/apache/dubbo,39797,54154
jadx,skylot/jadx,https://github.com/skylot/jadx,38110,22134
MPAndroidChart,PhilJay/MPAndroidChart,https://github.com/PhilJay/MPAndroidChart,37117,21720
jeecg-boot,jeecgboot/jeecg-boot,https://github.com/jeecgboot/jeecg-boot,37039,58950
dbeaver,dbeaver/dbeaver,https://github.com/dbeaver/dbeaver,36019,175171
tutorials,eugenp/tutorials,https://github.com/eugenp/tutorials,35603,76989
lottie-android,airbnb/lottie-android,https://github.com/airbnb/lottie-android,34528,136457
arthas,alibaba/arthas,https://github.com/alibaba/arthas,34275,48645
hello-algorithm,geekxh/hello-algorithm,https://github.com/geekxh/hello-algorithm,34238,365053
glide,bumptech/glide,https://github.com/bumptech/glide,34210,96790
AndroidUtilCode,Blankj/AndroidUtilCode,https://github.com/Blankj/AndroidUtilCode,32803,47327
netty,netty/netty,https://github.com/netty/netty,32415,87668
zxing,zxing/zxing,https://github.com/zxing/zxing,31993,242911
spring-boot-demo,xkcoding/spring-boot-demo,https://github.com/xkcoding/spring-boot-demo,31543,14194
halo,halo-dev/halo,https://github.com/halo-dev/halo,30554,69322
easyexcel,alibaba/easyexcel,https://github.com/alibaba/easyexcel,30411,26323
spring-boot-examples,ityouknow/spring-boot-examples,https://github.com/ityouknow/spring-boot-examples,29748,1074
termux-app,termux/termux-app,https://github.com/termux/termux-app,28891,4464
selenium,SeleniumHQ/selenium,https://github.com/SeleniumHQ/selenium,28807,2162972
apollo,apolloconfig/apollo,https://github.com/apolloconfig/apollo,28641,53761
nacos,alibaba/nacos,https://github.com/alibaba/nacos,28545,55134
hutool,dromara/hutool,https://github.com/dromara/hutool,27935,58227
leetcode,doocs/leetcode,https://github.com/doocs/leetcode,27783,1547001
druid,alibaba/druid,https://github.com/alibaba/druid,27537,83597
NewPipe,TeamNewPipe/NewPipe,https://github.com/TeamNewPipe/NewPipe,27488,74515
SpringAll,wuyouzhuguli/SpringAll,https://github.com/wuyouzhuguli/SpringAll,27431,1069
canal,alibaba/canal,https://github.com/alibaba/canal,27378,18438
JCSprout,crossoverJie/JCSprout,https://github.com/crossoverJie/JCSprout,27055,1188
spring-cloud-alibaba,alibaba/spring-cloud-alibaba,https://github.com/alibaba/spring-cloud-alibaba,26968,22909
kafka,apache/kafka,https://github.com/apache/kafka,26824,178260
vhr,lenve/vhr,https://github.com/lenve/vhr,26728,8473
xxl-job,xuxueli/xxl-job,https://github.com/xuxueli/xxl-job,26068,32822
miaosha,qiurunze123/miaosha,https://github.com/qiurunze123/miaosha,25988,65695
butterknife,JakeWharton/butterknife,https://github.com/JakeWharton/butterknife,25584,3909
fastjson,alibaba/fastjson,https://github.com/alibaba/fastjson,25570,15513
toBeTopJavaer,hollischuang/toBeTopJavaer,https://github.com/hollischuang/toBeTopJavaer,25075,8004
proxyee-down,proxyee-down-org/proxyee-down,https://github.com/proxyee-down-org/proxyee-down,24971,26862
incubator-seata,apache/incubator-seata,https://github.com/apache/incubator-seata,24766,23518
Signal-Android,signalapp/Signal-Android,https://github.com/signalapp/Signal-Android,24620,1247461
SmartRefreshLayout,scwang90/SmartRefreshLayout,https://github.com/scwang90/SmartRefreshLayout,24586,273653
EventBus,greenrobot/EventBus,https://github.com/greenrobot/EventBus,24547,1742
Hystrix,Netflix/Hystrix,https://github.com/Netflix/Hystrix,23780,9799
Telegram,DrKLO/Telegram,https://github.com/DrKLO/Telegram,23381,430385
skywalking,apache/skywalking,https://github.com/apache/skywalking,22992,169697
flink,apache/flink,https://github.com/apache/flink,22829,484796
gson,google/gson,https://github.com/google/gson,22804,12885
libgdx,libgdx/libgdx,https://github.com/libgdx/libgdx,22484,1102750
redisson,redisson/redisson,https://github.com/redisson/redisson,22377,25545
jenkins,jenkinsci/jenkins,https://github.com/jenkinsci/jenkins,22046,156102
bazel,bazelbuild/bazel,https://github.com/bazelbuild/bazel,22023,924091
ruoyi-vue-pro,YunaiV/ruoyi-vue-pro,https://github.com/YunaiV/ruoyi-vue-pro,21880,156652
Sentinel,alibaba/Sentinel,https://github.com/alibaba/Sentinel,21771,8062
ExoPlayer,google/ExoPlayer,https://github.com/google/ExoPlayer,21349,385567
eladmin,elunez/eladmin,https://github.com/elunez/eladmin,20577,7153
Mindustry,Anuken/Mindustry,https://github.com/Anuken/Mindustry,20524,1833778
rocketmq,apache/rocketmq,https://github.com/apache/rocketmq,20290,40498
FizzBuzzEnterpriseEdition,EnterpriseQualityCoding/FizzBuzzEnterpriseEdition,https://github.com/EnterpriseQualityCoding/FizzBuzzEnterpriseEdition,20172,340
DoKit,didi/DoKit,https://github.com/didi/DoKit,19848,58485
RxAndroid,ReactiveX/RxAndroid,https://github.com/ReactiveX/RxAndroid,19834,1048
graal,oracle/graal,https://github.com/oracle/graal,19546,377760
GSYVideoPlayer,CarGuo/GSYVideoPlayer,https://github.com/CarGuo/GSYVideoPlayer,19464,333560
shardingsphere,apache/shardingsphere,https://github.com/apache/shardingsphere,19239,629479
mybatis-3,mybatis/mybatis-3,https://github.com/mybatis/mybatis-3,19238,144764
HikariCP,brettwooldridge/HikariCP,https://github.com/brettwooldridge/HikariCP,19186,4786
openapi-generator,OpenAPITools/openapi-generator,https://github.com/OpenAPITools/openapi-generator,19081,847474
keycloak,keycloak/keycloak,https://github.com/keycloak/keycloak,19057,483971
litemall,linlinjava/litemall,https://github.com/linlinjava/litemall,18668,24595
PhotoView,Baseflow/PhotoView,https://github.com/Baseflow/PhotoView,18660,16896
cat,dianping/cat,https://github.com/dianping/cat,18319,114113
Apktool,iBotPeaches/Apktool,https://github.com/iBotPeaches/Apktool,18310,286675
SpringBoot-Labs,yudaocode/SpringBoot-Labs,https://github.com/yudaocode/SpringBoot-Labs,18112,1813
jdk,openjdk/jdk,https://github.com/openjdk/jdk,17851,1198218
Stirling-PDF,Stirling-Tools/Stirling-PDF,https://github.com/Stirling-Tools/Stirling-PDF,17786,49529
SpringCloudLearning,forezp/SpringCloudLearning,https://github.com/forezp/SpringCloudLearning,17652,582
fresco,facebook/fresco,https://github.com/facebook/fresco,17025,76019
tinker,Tencent/tinker,https://github.com/Tencent/tinker,16995,7018
disruptor,LMAX-Exchange/disruptor,https://github.com/LMAX-Exchange/disruptor,16841,9854
Android-Universal-Image-Loader,nostra13/Android-Universal-Image-Loader,https://github.com/nostra13/Android-Universal-Image-Loader,16809,27128
zheng,shuzheng/zheng,https://github.com/shuzheng/zheng,16617,41267
zipkin,openzipkin/zipkin,https://github.com/openzipkin/zipkin,16599,73632
java8-tutorial,winterbe/java8-tutorial,https://github.com/winterbe/java8-tutorial,16571,149
APIJSON,Tencent/APIJSON,https://github.com/Tencent/APIJSON,16348,72949
Algorithms,williamfiset/Algorithms,https://github.com/williamfiset/Algorithms,16230,1274482
antlr4,antlr/antlr4,https://github.com/antlr/antlr4,16050,69691
springboot-learning-example,JeffLi1993/springboot-learning-example,https://github.com/JeffLi1993/springboot-learning-example,15922,407
elasticsearch-analysis-ik,medcl/elasticsearch-analysis-ik,https://github.com/medcl/elasticsearch-analysis-ik,15890,7527
material-components-android,material-components/material-components-android,https://github.com/material-components/material-components-android,15752,150004
JustAuth,justauth/JustAuth,https://github.com/justauth/JustAuth,15739,9554
mybatis-plus,baomidou/mybatis-plus,https://github.com/baomidou/mybatis-plus,15526,22690
SpringBoot-Learning,dyc87112/SpringBoot-Learning,https://github.com/dyc87112/SpringBoot-Learning,15514,34384
Android-CleanArchitecture,android10/Android-CleanArchitecture,https://github.com/android10/Android-CleanArchitecture,15428,5191
presto,prestodb/presto,https://github.com/prestodb/presto,15420,202953
Grasscutter,Grasscutters/Grasscutter,https://github.com/Grasscutters/Grasscutter,15332,96193
thingsboard,thingsboard/thingsboard,https://github.com/thingsboard/thingsboard,15151,240439
SmartTube,yuliskov/SmartTube,https://github.com/yuliskov/SmartTube,15075,87596
BigData-Notes,heibaiying/BigData-Notes,https://github.com/heibaiying/BigData-Notes,14987,24052
VirtualXposed,android-hacker/VirtualXposed,https://github.com/android-hacker/VirtualXposed,14919,49794
caffeine,ben-manes/caffeine,https://github.com/ben-manes/caffeine,14898,106491
DataX,alibaba/DataX,https://github.com/alibaba/DataX,14815,22774
Sa-Token,dromara/Sa-Token,https://github.com/dromara/Sa-Token,14810,6021
yudao-cloud,YunaiV/yudao-cloud,https://github.com/YunaiV/yudao-cloud,14776,37211
DSA-Bootcamp-Java,kunal-kushwaha/DSA-Bootcamp-Java,https://github.com/kunal-kushwaha/DSA-Bootcamp-Java,14769,101637
LSPosed,LSPosed/LSPosed,https://github.com/LSPosed/LSPosed,14735,22135
CircleImageView,hdodenhof/CircleImageView,https://github.com/hdodenhof/CircleImageView,14504,1003
dataease,dataease/dataease,https://github.com/dataease/dataease,14487,269717
mockito,mockito/mockito,https://github.com/mockito/mockito,14442,48882
ARouter,alibaba/ARouter,https://github.com/alibaba/ARouter,14343,26589
QMUI_Android,Tencent/QMUI_Android,https://github.com/Tencent/QMUI_Android,14284,21946
bytecode-viewer,Konloch/bytecode-viewer,https://github.com/Konloch/bytecode-viewer,14205,647957
hadoop,apache/hadoop,https://github.com/apache/hadoop,14148,2787388
flink-learning,zhisheng17/flink-learning,https://github.com/zhisheng17/flink-learning,14101,43605
vert.x,eclipse-vertx/vert.x,https://github.com/eclipse-vertx/vert.x,13946,115092
Arduino,arduino/Arduino,https://github.com/arduino/Arduino,13932,1387854
logstash,elastic/logstash,https://github.com/elastic/logstash,13907,126638
source-code-hunter,doocs/source-code-hunter,https://github.com/doocs/source-code-hunter,13883,70368
QtScrcpy,barry-ran/QtScrcpy,https://github.com/barry-ran/QtScrcpy,13831,42263
logger,orhanobut/logger,https://github.com/orhanobut/logger,13722,1873
pulsar,apache/pulsar,https://github.com/apache/pulsar,13558,204206
Material-Animations,lgvalle/Material-Animations,https://github.com/lgvalle/Material-Animations,13540,8692
Luban,Curzibn/Luban,https://github.com/Curzibn/Luban,13455,5029
tink,tink-crypto/tink,https://github.com/tink-crypto/tink,13427,58337
Android-PickerView,Bigkoo/Android-PickerView,https://github.com/Bigkoo/Android-PickerView,13383,6389
deeplearning4j,deeplearning4j/deeplearning4j,https://github.com/deeplearning4j/deeplearning4j,13345,748684
spring-analysis,seaswalker/spring-analysis,https://github.com/seaswalker/spring-analysis,13297,4951
jd-gui,java-decompiler/jd-gui,https://github.com/java-decompiler/jd-gui,13281,56989
jib,GoogleContainerTools/jib,https://github.com/GoogleContainerTools/jib,13253,16607
AndroidAutoSize,JessYanCoding/AndroidAutoSize,https://github.com/JessYanCoding/AndroidAutoSize,13238,3131
questdb,questdb/questdb,https://github.com/questdb/questdb,13228,473728
pinpoint,pinpoint-apm/pinpoint,https://github.com/pinpoint-apm/pinpoint,13130,252151
druid,apache/druid,https://github.com/apache/druid,13098,335316
zuul,Netflix/zuul,https://github.com/Netflix/zuul,13087,5594
PictureSelector,LuckSiege/PictureSelector,https://github.com/LuckSiege/PictureSelector,12955,542078
conductor,Netflix/conductor,https://github.com/Netflix/conductor,12946,29469
tech-interview-for-developer,gyoogle/tech-interview-for-developer,https://github.com/gyoogle/tech-interview-for-developer,12921,6723
quarkus,quarkusio/quarkus,https://github.com/quarkusio/quarkus,12859,291785
piggymetrics,sqshq/piggymetrics,https://github.com/sqshq/piggymetrics,12846,1512
stetho,facebookarchive/stetho,https://github.com/facebookarchive/stetho,12661,2353
banner,youth5201314/banner,https://github.com/youth5201314/banner,12643,11310
greenDAO,greenrobot/greenDAO,https://github.com/greenrobot/greenDAO,12602,7353
mall-learning,macrozheng/mall-learning,https://github.com/macrozheng/mall-learning,12571,39397
lombok,projectlombok/lombok,https://github.com/projectlombok/lombok,12482,80511
Matisse,zhihu/Matisse,https://github.com/zhihu/Matisse,12471,1991
AndroidViewAnimations,daimajia/AndroidViewAnimations,https://github.com/daimajia/AndroidViewAnimations,12372,297
AndroidSwipeLayout,daimajia/AndroidSwipeLayout,https://github.com/daimajia/AndroidSwipeLayout,12339,399
onedev,theonedev/onedev,https://github.com/theonedev/onedev,12336,209302
guice,google/guice,https://github.com/google/guice,12298,122374
neo4j,neo4j/neo4j,https://github.com/neo4j/neo4j,12240,614323
eureka,Netflix/eureka,https://github.com/Netflix/eureka,12130,12494
mit-deep-learning-book-pdf,janishar/mit-deep-learning-book-pdf,https://github.com/janishar/mit-deep-learning-book-pdf,12126,43571
spring-boot-admin,codecentric/spring-boot-admin,https://github.com/codecentric/spring-boot-admin,12085,57469
Mybatis-PageHelper,pagehelper/Mybatis-PageHelper,https://github.com/pagehelper/Mybatis-PageHelper,11993,5240
Java,DuGuQiuBai/Java,https://github.com/DuGuQiuBai/Java,11960,24346
zookeeper,apache/zookeeper,https://github.com/apache/zookeeper,11803,144421
VasSonic,Tencent/VasSonic,https://github.com/Tencent/VasSonic,11767,16215
zaproxy,zaproxy/zaproxy,https://github.com/zaproxy/zaproxy,11734,196750
uCrop,Yalantis/uCrop,https://github.com/Yalantis/uCrop,11705,62540
dolphinscheduler,apache/dolphinscheduler,https://github.com/apache/dolphinscheduler,11661,206460
dex2jar,pxb1988/dex2jar,https://github.com/pxb1988/dex2jar,11649,8725
jedis,redis/jedis,https://github.com/redis/jedis,11499,12919
Chat2DB,chat2db/Chat2DB,https://github.com/chat2db/Chat2DB,11447,17636
realm-java,realm/realm-java,https://github.com/realm/realm-java,11425,66214
fullstack-tutorial,frank-lam/fullstack-tutorial,https://github.com/frank-lam/fullstack-tutorial,11396,65725
matrix,Tencent/matrix,https://github.com/Tencent/matrix,11310,199709
PermissionsDispatcher,permissions-dispatcher/PermissionsDispatcher,https://github.com/permissions-dispatcher/PermissionsDispatcher,11193,3009
mall-swarm,macrozheng/mall-swarm,https://github.com/macrozheng/mall-swarm,11122,53774
webmagic,code4craft/webmagic,https://github.com/code4craft/webmagic,11101,17291
SlidingMenu,jfeinstein10/SlidingMenu,https://github.com/jfeinstein10/SlidingMenu,11101,32085
androidannotations,androidannotations/androidannotations,https://github.com/androidannotations/androidannotations,11089,22510
ImmersionBar,gyf-dev/ImmersionBar,https://github.com/gyf-dev/ImmersionBar,11076,325009
CtCI-6th-Edition,careercup/CtCI-6th-Edition,https://github.com/careercup/CtCI-6th-Edition,11066,21487
toBeBetterJavaer,itwanger/toBeBetterJavaer,https://github.com/itwanger/toBeBetterJavaer,11030,1997139
grpc-java,grpc/grpc-java,https://github.com/grpc/grpc-java,11030,85907
COLA,alibaba/COLA,https://github.com/alibaba/COLA,10975,3635
FlycoTabLayout,H07000223/FlycoTabLayout,https://github.com/H07000223/FlycoTabLayout,10962,2620
interview,mission-peace/interview,https://github.com/mission-peace/interview,10953,1200
FileDownloader,lingochamp/FileDownloader,https://github.com/lingochamp/FileDownloader,10936,40720
vlayout,alibaba/vlayout,https://github.com/alibaba/vlayout,10812,1726
languagetool,languagetool-org/languagetool,https://github.com/languagetool-org/languagetool,10772,5227090
doris,apache/doris,https://github.com/apache/doris,10771,669014
SmarterStreaming,daniulive/SmarterStreaming,https://github.com/daniulive/SmarterStreaming,10749,6823291
android-interview-questions,amitshekhariitbhu/android-interview-questions,https://github.com/amitshekhariitbhu/android-interview-questions,10727,1485
newbee-mall,newbee-ltd/newbee-mall,https://github.com/newbee-ltd/newbee-mall,10672,36232
android-async-http,android-async-http/android-async-http,https://github.com/android-async-http/android-async-http,10640,3063
metersphere,metersphere/metersphere,https://github.com/metersphere/metersphere,10638,353699
javapoet,square/javapoet,https://github.com/square/javapoet,10609,1936
okhttp-OkGo,jeasonlzy/okhttp-OkGo,https://github.com/jeasonlzy/okhttp-OkGo,10583,84860
platform_frameworks_base,aosp-mirror/platform_frameworks_base,https://github.com/aosp-mirror/platform_frameworks_base,10561,5721078
cas,apereo/cas,https://github.com/apereo/cas,10548,354727
jsoup,jhy/jsoup,https://github.com/jhy/jsoup,10507,5055
RxPermissions,tbruyelle/RxPermissions,https://github.com/tbruyelle/RxPermissions,10475,587
JiaoZiVideoPlayer,lipangit/JiaoZiVideoPlayer,https://github.com/lipangit/JiaoZiVideoPlayer,10460,143896
cryptomator,cryptomator/cryptomator,https://github.com/cryptomator/cryptomator,10406,23048
auto,google/auto,https://github.com/google/auto,10320,37771
OpenRefine,OpenRefine/OpenRefine,https://github.com/OpenRefine/OpenRefine,10253,401706
MVPArms,JessYanCoding/MVPArms,https://github.com/JessYanCoding/MVPArms,10250,5963
clojure,clojure/clojure,https://github.com/clojure/clojure,10231,17387
Java-WebSocket,TooTallNate/Java-WebSocket,https://github.com/TooTallNate/Java-WebSocket,10190,4142
ViewPagerIndicator,JakeWharton/ViewPagerIndicator,https://github.com/JakeWharton/ViewPagerIndicator,10153,8657
jvm,doocs/jvm,https://github.com/doocs/jvm,10031,65958
glide-transformations,wasabeef/glide-transformations,https://github.com/wasabeef/glide-transformations,9847,26509
LiTiaotiao-Custom-Rules,Snoopy1866/LiTiaotiao-Custom-Rules,https://github.com/Snoopy1866/LiTiaotiao-Custom-Rules,9835,76174
Activiti,Activiti/Activiti,https://github.com/Activiti/Activiti,9806,122149
easypermissions,googlesamples/easypermissions,https://github.com/googlesamples/easypermissions,9789,635
VirtualApp,asLody/VirtualApp,https://github.com/asLody/VirtualApp,9758,35205
paascloud-master,paascloud/paascloud-master,https://github.com/paascloud/paascloud-master,9745,16083
Fragmentation,YoKeyword/Fragmentation,https://github.com/YoKeyword/Fragmentation,9716,29343
AVLoadingIndicatorView,HarlonWang/AVLoadingIndicatorView,https://github.com/HarlonWang/AVLoadingIndicatorView,9712,14399
jjwt,jwtk/jjwt,https://github.com/jwtk/jjwt,9678,3354
react-native-camera,react-native-camera/react-native-camera,https://github.com/react-native-camera/react-native-camera,9639,17586
Android-ObservableScrollView,ksoichiro/Android-ObservableScrollView,https://github.com/ksoichiro/Android-ObservableScrollView,9639,13780
debezium,debezium/debezium,https://github.com/debezium/debezium,9621,47752
MagicIndicator,hackware1993/MagicIndicator,https://github.com/hackware1993/MagicIndicator,9615,54746
android-Ultra-Pull-To-Refresh,liaohuqiu/android-Ultra-Pull-To-Refresh,https://github.com/liaohuqiu/android-Ultra-Pull-To-Refresh,9594,3474
spark,perwendel/spark,https://github.com/perwendel/spark,9591,2503
JsBridge,lzyzsd/JsBridge,https://github.com/lzyzsd/JsBridge,9546,611
AndroidSlidingUpPanel,umano/AndroidSlidingUpPanel,https://github.com/umano/AndroidSlidingUpPanel,9477,2861
android-gif-drawable,koral--/android-gif-drawable,https://github.com/koral--/android-gif-drawable,9476,6025
DanmakuFlameMaster,bilibili/DanmakuFlameMaster,https://github.com/bilibili/DanmakuFlameMaster,9476,3580
kkFileView,kekingcn/kkFileView,https://github.com/kekingcn/kkFileView,9471,690711
spring-boot-api-project-seed,lihengming/spring-boot-api-project-seed,https://github.com/lihengming/spring-boot-api-project-seed,9469,77
Mycat-Server,MyCATApache/Mycat-Server,https://github.com/MyCATApache/Mycat-Server,9454,19570
PocketHub,pockethub/PocketHub,https://github.com/pockethub/PocketHub,9393,11945
CoreNLP,stanfordnlp/CoreNLP,https://github.com/stanfordnlp/CoreNLP,9352,382403
resilience4j,resilience4j/resilience4j,https://github.com/resilience4j/resilience4j,9291,8420
plantuml,plantuml/plantuml,https://github.com/plantuml/plantuml,9237,104792
trino,trinodb/trino,https://github.com/trinodb/trino,9212,232194
feign,OpenFeign/feign,https://github.com/OpenFeign/feign,9190,5798
cim,crossoverJie/cim,https://github.com/crossoverJie/cim,9090,32060
testing-samples,android/testing-samples,https://github.com/android/testing-samples,9072,11968
AgentWeb,Justson/AgentWeb,https://github.com/Justson/AgentWeb,9071,29032
AndroidNote,GcsSloop/AndroidNote,https://github.com/GcsSloop/AndroidNote,9036,7036
MaterialDesignLibrary,navasmdc/MaterialDesignLibrary,https://github.com/navasmdc/MaterialDesignLibrary,9008,8930
datahub,datahub-project/datahub,https://github.com/datahub-project/datahub,8959,3562538
VirtualAPK,didi/VirtualAPK,https://github.com/didi/VirtualAPK,8941,1010
CalendarView,huanghaibin-dev/CalendarView,https://github.com/huanghaibin-dev/CalendarView,8899,126397
storm,nathanmarz/storm,https://github.com/nathanmarz/storm,8854,27015
android-gpuimage,cats-oss/android-gpuimage,https://github.com/cats-oss/android-gpuimage,8846,1368
spider-flow,ssssssss-team/spider-flow,https://github.com/ssssssss-team/spider-flow,8844,3382
StatusBarUtil,laobie/StatusBarUtil,https://github.com/laobie/StatusBarUtil,8815,9364
Signal-Server,signalapp/Signal-Server,https://github.com/signalapp/Signal-Server,8737,12785
Android-PullToRefresh,chrisbanes/Android-PullToRefresh,https://github.com/chrisbanes/Android-PullToRefresh,8717,4286
quickstart-android,firebase/quickstart-android,https://github.com/firebase/quickstart-android,8673,32543
aws-doc-sdk-examples,awsdocs/aws-doc-sdk-examples,https://github.com/awsdocs/aws-doc-sdk-examples,8671,227318
awesome-java-leetcode,Blankj/awesome-java-leetcode,https://github.com/Blankj/awesome-java-leetcode,8646,512
Calligraphy,chrisjenx/Calligraphy,https://github.com/chrisjenx/Calligraphy,8588,1523
Jetpack-MVVM-Best-Practice,KunMinX/Jetpack-MVVM-Best-Practice,https://github.com/KunMinX/Jetpack-MVVM-Best-Practice,8573,10737
buck,facebook/buck,https://github.com/facebook/buck,8569,2024585
Android-SpinKit,ybq/Android-SpinKit,https://github.com/ybq/Android-SpinKit,8550,10241
zfile,zfile-dev/zfile,https://github.com/zfile-dev/zfile,8496,46364
junit4,junit-team/junit4,https://github.com/junit-team/junit4,8486,24310
JsonPath,json-path/JsonPath,https://github.com/json-path/JsonPath,8484,2689
SpringCloud,zhoutaoo/SpringCloud,https://github.com/zhoutaoo/SpringCloud,8445,10069
dropwizard,dropwizard/dropwizard,https://github.com/dropwizard/dropwizard,8442,110637
epoxy,airbnb/epoxy,https://github.com/airbnb/epoxy,8421,34091
cassandra,apache/cassandra,https://github.com/apache/cassandra,8420,425105
AndResGuard,shwenzhang/AndResGuard,https://github.com/shwenzhang/AndResGuard,8411,8343
BottomBar,roughike/BottomBar,https://github.com/roughike/BottomBar,8410,40819
sonarqube,SonarSource/sonarqube,https://github.com/SonarSource/sonarqube,8393,938445
EhViewer,seven332/EhViewer,https://github.com/seven332/EhViewer,8373,111228
Paper,PaperMC/Paper,https://github.com/PaperMC/Paper,8345,77586
Android-Debug-Database,amitshekhariitbhu/Android-Debug-Database,https://github.com/amitshekhariitbhu/Android-Debug-Database,8314,1636
cachecloud,sohutv/cachecloud,https://github.com/sohutv/cachecloud,8305,52937
react-native-image-picker,react-native-image-picker/react-native-image-picker,https://github.com/react-native-image-picker/react-native-image-picker,8304,2770
OpenSearch,opensearch-project/OpenSearch,https://github.com/opensearch-project/OpenSearch,8271,567219
spring-security,spring-projects/spring-security,https://github.com/spring-projects/spring-security,8247,75396
hsweb-framework,hs-web/hsweb-framework,https://github.com/hs-web/hsweb-framework,8234,33612
shenyu,apache/shenyu,https://github.com/apache/shenyu,8216,54224
jna,java-native-access/jna,https://github.com/java-native-access/jna,8180,679653
MaterialViewPager,florent37/MaterialViewPager,https://github.com/florent37/MaterialViewPager,8166,19557
atlas,alibaba/atlas,https://github.com/alibaba/atlas,8113,84497
lawnchair,LawnchairLauncher/lawnchair,https://github.com/LawnchairLauncher/lawnchair,8084,575459
LitePal,guolindev/LitePal,https://github.com/guolindev/LitePal,8050,5433
checkstyle,checkstyle/checkstyle,https://github.com/checkstyle/checkstyle,8046,143431
tsunami-security-scanner,google/tsunami-security-scanner,https://github.com/google/tsunami-security-scanner,8033,572
shardingsphere-elasticjob,apache/shardingsphere-elasticjob,https://github.com/apache/shardingsphere-elasticjob,8021,45860
kafka-ui,provectus/kafka-ui,https://github.com/provectus/kafka-ui,7966,30461
SimianArmy,Netflix/SimianArmy,https://github.com/Netflix/SimianArmy,7954,15326
otter,alibaba/otter,https://github.com/alibaba/otter,7912,12039
hugo,JakeWharton/hugo,https://github.com/JakeWharton/hugo,7910,201
AndroidPdfViewer,barteksc/AndroidPdfViewer,https://github.com/barteksc/AndroidPdfViewer,7901,2741
HomeMirror,HannahMitt/HomeMirror,https://github.com/HannahMitt/HomeMirror,7875,6207
metrics,dropwizard/metrics,https://github.com/dropwizard/metrics,7786,20002
UltimateAndroidReference,aritraroy/UltimateAndroidReference,https://github.com/aritraroy/UltimateAndroidReference,7784,543
jmeter,apache/jmeter,https://github.com/apache/jmeter,7751,133348
Hippy,Tencent/Hippy,https://github.com/Tencent/Hippy,7750,673904
subsampling-scale-image-view,davemorrissey/subsampling-scale-image-view,https://github.com/davemorrissey/subsampling-scale-image-view,7737,57935
RxLifecycle,trello/RxLifecycle,https://github.com/trello/RxLifecycle,7717,897
karate,karatelabs/karate,https://github.com/karatelabs/karate,7677,26100
flyway,flyway/flyway,https://github.com/flyway/flyway,7669,753576
litho,facebook/litho,https://github.com/facebook/litho,7633,736632
testcontainers-java,testcontainers/testcontainers-java,https://github.com/testcontainers/testcontainers-java,7607,11955
vjtools,vipshop/vjtools,https://github.com/vipshop/vjtools,7590,2108
im-server,wildfirechat/im-server,https://github.com/wildfirechat/im-server,7571,21030
RxJava-Android-Samples,kaushikgopal/RxJava-Android-Samples,https://github.com/kaushikgopal/RxJava-Android-Samples,7549,1188
MyBookshelf,gedoor/MyBookshelf,https://github.com/gedoor/MyBookshelf,7508,27255
AndroidAsync,koush/AndroidAsync,https://github.com/koush/AndroidAsync,7483,3720
MVVMHabit,goldze/MVVMHabit,https://github.com/goldze/MVVMHabit,7456,1298
XPopup,li-xiaojun/XPopup,https://github.com/li-xiaojun/XPopup,7449,152973
android-classyshark,google/android-classyshark,https://github.com/google/android-classyshark,7438,24865
hellocharts-android,lecho/hellocharts-android,https://github.com/lecho/hellocharts-android,7421,6126
beam,apache/beam,https://github.com/apache/beam,7383,606508
algs4,kevin-wayne/algs4,https://github.com/kevin-wayne/algs4,7358,2010
swagger-core,swagger-api/swagger-core,https://github.com/swagger-api/swagger-core,7320,19010
ShortcutBadger,leolin310148/ShortcutBadger,https://github.com/leolin310148/ShortcutBadger,7320,1231
dagger,square/dagger,https://github.com/square/dagger,7317,6861
SpringCloud-Learning,dyc87112/SpringCloud-Learning,https://github.com/dyc87112/SpringCloud-Learning,7309,1265
starrocks,StarRocks/starrocks,https://github.com/StarRocks/starrocks,7298,338889
FrameworkBenchmarks,TechEmpower/FrameworkBenchmarks,https://github.com/TechEmpower/FrameworkBenchmarks,7286,309068
Android-Bootstrap,Bearded-Hen/Android-Bootstrap,https://github.com/Bearded-Hen/Android-Bootstrap,7282,11507
sweet-alert-dialog,pedant/sweet-alert-dialog,https://github.com/pedant/sweet-alert-dialog,7255,1694
LeetCode,yuanguangxin/LeetCode,https://github.com/yuanguangxin/LeetCode,7255,271
TakePhoto,crazycodeboy/TakePhoto,https://github.com/crazycodeboy/TakePhoto,7235,11513
Shadow,Tencent/Shadow,https://github.com/Tencent/Shadow,7227,3610
UltimateRecyclerView,cymcsg/UltimateRecyclerView,https://github.com/cymcsg/UltimateRecyclerView,7225,7153
pentaho-kettle,pentaho/pentaho-kettle,https://github.com/pentaho/pentaho-kettle,7221,638684
agera,google/agera,https://github.com/google/agera,7211,968
RePlugin,Qihoo360/RePlugin,https://github.com/Qihoo360/RePlugin,7209,24281
Mapper,abel533/Mapper,https://github.com/abel533/Mapper,7208,2114
closure-compiler,google/closure-compiler,https://github.com/google/closure-compiler,7193,176681
tomcat,apache/tomcat,https://github.com/apache/tomcat,7192,148162
WeChatLuckyMoney,geeeeeeeeek/WeChatLuckyMoney,https://github.com/geeeeeeeeek/WeChatLuckyMoney,7192,660
flowable-engine,flowable/flowable-engine,https://github.com/flowable/flowable-engine,7179,225714
javacv,bytedeco/javacv,https://github.com/bytedeco/javacv,7152,7420
react-native-svg,software-mansion/react-native-svg,https://github.com/software-mansion/react-native-svg,7134,19695
ActionBarSherlock,JakeWharton/ActionBarSherlock,https://github.com/JakeWharton/ActionBarSherlock,7120,21244
ysoserial,frohoff/ysoserial,https://github.com/frohoff/ysoserial,7100,480
VBlog,lenve/VBlog,https://github.com/lenve/VBlog,7074,3841
SmartTabLayout,ogaclejapan/SmartTabLayout,https://github.com/ogaclejapan/SmartTabLayout,7071,14671
transmittable-thread-local,alibaba/transmittable-thread-local,https://github.com/alibaba/transmittable-thread-local,7068,3507
xmall,Exrick/xmall,https://github.com/Exrick/xmall,7063,110866
TVBoxOSC,CatVodTVOfficial/TVBoxOSC,https://github.com/CatVodTVOfficial/TVBoxOSC,7038,6495
seatunnel,apache/seatunnel,https://github.com/apache/seatunnel,7025,27531
gocd,gocd/gocd,https://github.com/gocd/gocd,6995,376207
graylog2-server,Graylog2/graylog2-server,https://github.com/Graylog2/graylog2-server,6967,170856
elasticsearch-sql,NLPchina/elasticsearch-sql,https://github.com/NLPchina/elasticsearch-sql,6951,8797
aeron,real-logic/aeron,https://github.com/real-logic/aeron,6950,64341
Timber,naman14/Timber,https://github.com/naman14/Timber,6942,17485
SDE-Interview-Questions,twowaits/SDE-Interview-Questions,https://github.com/twowaits/SDE-Interview-Questions,6933,1461
okhttputils,hongyangAndroid/okhttputils,https://github.com/hongyangAndroid/okhttputils,6883,17152
react-native-video,react-native-video/react-native-video,https://github.com/react-native-video/react-native-video,6872,17102
DroidPlugin,DroidPluginTeam/DroidPlugin,https://github.com/DroidPluginTeam/DroidPlugin,6853,1859
nanohttpd,NanoHttpd/nanohttpd,https://github.com/NanoHttpd/nanohttpd,6788,1375
angel,Angel-ML/angel,https://github.com/Angel-ML/angel,6694,93424
walle,Meituan-Dianping/walle,https://github.com/Meituan-Dianping/walle,6687,528
AndroidAutoLayout,hongyangAndroid/AndroidAutoLayout,https://github.com/hongyangAndroid/AndroidAutoLayout,6685,7466
react-native-push-notification,zo0r/react-native-push-notification,https://github.com/zo0r/react-native-push-notification,6685,1688
mapstruct,mapstruct/mapstruct,https://github.com/mapstruct/mapstruct,6681,11249
error-prone,google/error-prone,https://github.com/google/error-prone,6668,126919
rest-assured,rest-assured/rest-assured,https://github.com/rest-assured/rest-assured,6645,11078
KnowStreaming,didi/KnowStreaming,https://github.com/didi/KnowStreaming,6630,199977
AndPermission,yanzhenjie/AndPermission,https://github.com/yanzhenjie/AndPermission,6619,1665
AndroidPerformanceMonitor,markzhai/AndroidPerformanceMonitor,https://github.com/markzhai/AndroidPerformanceMonitor,6608,1077
mybatis-generator-gui,zouzg/mybatis-generator-gui,https://github.com/zouzg/mybatis-generator-gui,6580,14934
alluxio,Alluxio/alluxio,https://github.com/Alluxio/alluxio,6569,204670
MinecraftForge,MinecraftForge/MinecraftForge,https://github.com/MinecraftForge/MinecraftForge,6568,118214
netty-socketio,mrniko/netty-socketio,https://github.com/mrniko/netty-socketio,6568,2232
Toasty,GrenderG/Toasty,https://github.com/GrenderG/Toasty,6541,977
storm,apache/storm,https://github.com/apache/storm,6521,208569
jvm-sandbox,alibaba/jvm-sandbox,https://github.com/alibaba/jvm-sandbox,6514,1855
haven,guardianproject/haven,https://github.com/guardianproject/haven,6510,24387
rabbitmq-tutorials,rabbitmq/rabbitmq-tutorials,https://github.com/rabbitmq/rabbitmq-tutorials,6500,4856
GmsCore,microg/GmsCore,https://github.com/microg/GmsCore,6474,8378
BookReader,smuyyh/BookReader,https://github.com/smuyyh/BookReader,6461,31940
processing,processing/processing,https://github.com/processing/processing,6438,1647982
baritone,cabaletta/baritone,https://github.com/cabaletta/baritone,6437,15388
RoundedImageView,vinc3m1/RoundedImageView,https://github.com/vinc3m1/RoundedImageView,6426,8746
JavaTutorial,h2pl/JavaTutorial,https://github.com/h2pl/JavaTutorial,6426,4882
ansj_seg,NLPchina/ansj_seg,https://github.com/NLPchina/ansj_seg,6408,352518
android-floating-action-button,zendesk/android-floating-action-button,https://github.com/zendesk/android-floating-action-button,6366,606
Android-Image-Cropper,ArthurHub/Android-Image-Cropper,https://github.com/ArthurHub/Android-Image-Cropper,6362,26047
PowerJob,PowerJob/PowerJob,https://github.com/PowerJob/PowerJob,6309,18624
ion,koush/ion,https://github.com/koush/ion,6301,11832
springBoot,527515025/springBoot,https://github.com/527515025/springBoot,6293,868
Spring-Cloud-Platform,wxiaoqi/Spring-Cloud-Platform,https://github.com/wxiaoqi/Spring-Cloud-Platform,6292,212277
Android-skin-support,ximsfei/Android-skin-support,https://github.com/ximsfei/Android-skin-support,6264,54130
AndroidPicker,gzu-liyujiang/AndroidPicker,https://github.com/gzu-liyujiang/AndroidPicker,6255,28153
zeppelin,apache/zeppelin,https://github.com/apache/zeppelin,6236,103239
Leaf,Meituan-Dianping/Leaf,https://github.com/Meituan-Dianping/Leaf,6228,149
JFoenix,sshahine/JFoenix,https://github.com/sshahine/JFoenix,6218,28243
async-http-client,AsyncHttpClient/async-http-client,https://github.com/AsyncHttpClient/async-http-client,6205,19003
remusic,aa112901/remusic,https://github.com/aa112901/remusic,6199,115952
spring-cloud-examples,ityouknow/spring-cloud-examples,https://github.com/ityouknow/spring-cloud-examples,6161,76
richeditor-android,wasabeef/richeditor-android,https://github.com/wasabeef/richeditor-android,6159,2898
smali,JesusFreke/smali,https://github.com/JesusFreke/smali,6158,9535
SwipeBackLayout,ikew0ng/SwipeBackLayout,https://github.com/ikew0ng/SwipeBackLayout,6125,2934
jsonschema2pojo,joelittlejohn/jsonschema2pojo,https://github.com/joelittlejohn/jsonschema2pojo,6122,11782
MaterialEditText,rengwuxian/MaterialEditText,https://github.com/rengwuxian/MaterialEditText,6107,1260
AndroidProject,getActivity/AndroidProject,https://github.com/getActivity/AndroidProject,6100,89374
springcloud-learning,macrozheng/springcloud-learning,https://github.com/macrozheng/springcloud-learning,6095,123
junit5,junit-team/junit5,https://github.com/junit-team/junit5,6072,653817
config,lightbend/config,https://github.com/lightbend/config,6067,4644
NumberProgressBar,daimajia/NumberProgressBar,https://github.com/daimajia/NumberProgressBar,6060,158
HMCL,HMCL-dev/HMCL,https://github.com/HMCL-dev/HMCL,6044,26140
itstack-demo-design,fuzhengwei/itstack-demo-design,https://github.com/fuzhengwei/itstack-demo-design,6042,1817
from-java-to-kotlin,amitshekhariitbhu/from-java-to-kotlin,https://github.com/amitshekhariitbhu/from-java-to-kotlin,6038,236
EffectiveAndroidUI,pedrovgs/EffectiveAndroidUI,https://github.com/pedrovgs/EffectiveAndroidUI,6030,994
material,rey5137/material,https://github.com/rey5137/material,6022,3901
dynamic-load-apk,singwhatiwanna/dynamic-load-apk,https://github.com/singwhatiwanna/dynamic-load-apk,6011,8956
physical-web,google/physical-web,https://github.com/google/physical-web,6010,33447
graphql-java,graphql-java/graphql-java,https://github.com/graphql-java/graphql-java,6002,14448
quartz,quartz-scheduler/quartz,https://github.com/quartz-scheduler/quartz,5989,24934
wiremock,wiremock/wiremock,https://github.com/wiremock/wiremock,5988,43133
xUtils3,wyouflf/xUtils3,https://github.com/wyouflf/xUtils3,5974,9041
j2objc,google/j2objc,https://github.com/google/j2objc,5971,100881
grafika,google/grafika,https://github.com/google/grafika,5967,1092
androidmvp,antoniolg/androidmvp,https://github.com/antoniolg/androidmvp,5944,327
micronaut-core,micronaut-projects/micronaut-core,https://github.com/micronaut-projects/micronaut-core,5915,102041
byte-buddy,raphw/byte-buddy,https://github.com/raphw/byte-buddy,5908,1005021
material-calendarview,prolificinteractive/material-calendarview,https://github.com/prolificinteractive/material-calendarview,5902,4823
springfox,springfox/springfox,https://github.com/springfox/springfox,5898,186279
smile,haifengl/smile,https://github.com/haifengl/smile,5885,250213
motan,weibocom/motan,https://github.com/weibocom/motan,5869,4292
ssm,liyifeng1994/ssm,https://github.com/liyifeng1994/ssm,5866,12364
blade,lets-blade/blade,https://github.com/lets-blade/blade,5824,3394
jOOQ,jOOQ/jOOQ,https://github.com/jOOQ/jOOQ,5822,265101
BoomMenu,Nightonke/BoomMenu,https://github.com/Nightonke/BoomMenu,5801,103934
DiskLruCache,JakeWharton/DiskLruCache,https://github.com/JakeWharton/DiskLruCache,5783,416
robolectric,robolectric/robolectric,https://github.com/robolectric/robolectric,5768,56927
InfiniteCycleViewPager,Devlight/InfiniteCycleViewPager,https://github.com/Devlight/InfiniteCycleViewPager,5764,279
hazelcast,hazelcast/hazelcast,https://github.com/hazelcast/hazelcast,5762,411884
ksql,confluentinc/ksql,https://github.com/confluentinc/ksql,5754,177675
gnirehtet,Genymobile/gnirehtet,https://github.com/Genymobile/gnirehtet,5749,1036
springside4,springside/springside4,https://github.com/springside/springside4,5741,4837
DiscreteScrollView,yarolegovich/DiscreteScrollView,https://github.com/yarolegovich/DiscreteScrollView,5731,33353
useful-java-links,Vedenin/useful-java-links,https://github.com/Vedenin/useful-java-links,5715,2410
DependencyCheck,jeremylong/DependencyCheck,https://github.com/jeremylong/DependencyCheck,5715,249792
tcc-transaction,changmingxie/tcc-transaction,https://github.com/changmingxie/tcc-transaction,5698,7909
FastHub,k0shk0sh/FastHub,https://github.com/k0shk0sh/FastHub,5698,19973
circular-progress-button,dmytrodanylyk/circular-progress-button,https://github.com/dmytrodanylyk/circular-progress-button,5696,832
aurora-imui,jpush/aurora-imui,https://github.com/jpush/aurora-imui,5687,11470
u2020,JakeWharton/u2020,https://github.com/JakeWharton/u2020,5681,9385
hibernate-orm,hibernate/hibernate-orm,https://github.com/hibernate/hibernate-orm,5680,243186
btrace,btraceio/btrace,https://github.com/btraceio/btrace,5670,17437
AndroidImageSlider,daimajia/AndroidImageSlider,https://github.com/daimajia/AndroidImageSlider,5637,2165
Fast-Android-Networking,amitshekhariitbhu/Fast-Android-Networking,https://github.com/amitshekhariitbhu/Fast-Android-Networking,5628,2821
gephi,gephi/gephi,https://github.com/gephi/gephi,5621,653020
incubator-kie-drools,apache/incubator-kie-drools,https://github.com/apache/incubator-kie-drools,5618,287825
java-jwt,auth0/java-jwt,https://github.com/auth0/java-jwt,5613,1451
ShowcaseView,amlcurran/ShowcaseView,https://github.com/amlcurran/ShowcaseView,5600,15237
zxing-android-embedded,journeyapps/zxing-android-embedded,https://github.com/journeyapps/zxing-android-embedded,5597,8388
FlowLayout,hongyangAndroid/FlowLayout,https://github.com/hongyangAndroid/FlowLayout,5583,910
HTextView,hanks-zyh/HTextView,https://github.com/hanks-zyh/HTextView,5580,9880
disconf,knightliao/disconf,https://github.com/knightliao/disconf,5574,8619
ListViewAnimations,nhaarman/ListViewAnimations,https://github.com/nhaarman/ListViewAnimations,5574,25513
SwipeRecyclerView,yanzhenjie/SwipeRecyclerView,https://github.com/yanzhenjie/SwipeRecyclerView,5550,29347
react-native-splash-screen,crazycodeboy/react-native-splash-screen,https://github.com/crazycodeboy/react-native-splash-screen,5545,3912
Blurry,wasabeef/Blurry,https://github.com/wasabeef/Blurry,5520,2286
StickyListHeaders,emilsjolander/StickyListHeaders,https://github.com/emilsjolander/StickyListHeaders,5514,3866
AntennaPod,AntennaPod/AntennaPod,https://github.com/AntennaPod/AntennaPod,5514,106356
SoloPi,alipay/SoloPi,https://github.com/alipay/SoloPi,5507,258080
lanproxy,ffay/lanproxy,https://github.com/ffay/lanproxy,5493,9573
mosby,sockeqwe/mosby,https://github.com/sockeqwe/mosby,5489,26564
Discovery,Nepxion/Discovery,https://github.com/Nepxion/Discovery,5486,217623
freeline,alibaba/freeline,https://github.com/alibaba/freeline,5483,75385
vavr,vavr-io/vavr,https://github.com/vavr-io/vavr,5470,20983
Aria,AriaLyy/Aria,https://github.com/AriaLyy/Aria,5462,39452
barcodescanner,dm77/barcodescanner,https://github.com/dm77/barcodescanner,5455,10971
mall4cloud,gz-yami/mall4cloud,https://github.com/gz-yami/mall4cloud,5442,22262
rebound,facebookarchive/rebound,https://github.com/facebookarchive/rebound,5440,23623
SpringBootVulExploit,LandGrey/SpringBootVulExploit,https://github.com/LandGrey/SpringBootVulExploit,5417,135
scribejava,scribejava/scribejava,https://github.com/scribejava/scribejava,5417,2633
PojavLauncher,PojavLauncherTeam/PojavLauncher,https://github.com/PojavLauncherTeam/PojavLauncher,5413,889788
dubbo-spring-boot-project,apache/dubbo-spring-boot-project,https://github.com/apache/dubbo-spring-boot-project,5405,1557
Android-ZBLibrary,TommyLemon/Android-ZBLibrary,https://github.com/TommyLemon/Android-ZBLibrary,5388,32758
android-job,Evernote/android-job,https://github.com/Evernote/android-job,5385,1860
MagicCamera,wuhaoyu1990/MagicCamera,https://github.com/wuhaoyu1990/MagicCamera,5379,17476
SystemBarTint,jgilfelt/SystemBarTint,https://github.com/jgilfelt/SystemBarTint,5369,1099
pig,pig-mesh/pig,https://github.com/pig-mesh/pig,5364,37066
LSPatch,LSPosed/LSPatch,https://github.com/LSPosed/LSPatch,5352,10312
wechat,motianhuo/wechat,https://github.com/motianhuo/wechat,5344,96503
XRecyclerView,XRecyclerView/XRecyclerView,https://github.com/XRecyclerView/XRecyclerView,5338,6529
AndroidVideoCache,danikula/AndroidVideoCache,https://github.com/danikula/AndroidVideoCache,5330,116062
cw-omnibus,commonsguy/cw-omnibus,https://github.com/commonsguy/cw-omnibus,5329,75165
google-java-format,google/google-java-format,https://github.com/google/google-java-format,5310,1907
TapTargetView,KeepSafe/TapTargetView,https://github.com/KeepSafe/TapTargetView,5309,4401
uid-generator,baidu/uid-generator,https://github.com/baidu/uid-generator,5306,390
android-advancedrecyclerview,h6ah4i/android-advancedrecyclerview,https://github.com/h6ah4i/android-advancedrecyclerview,5301,9111
shimmer-android,facebookarchive/shimmer-android,https://github.com/facebookarchive/shimmer-android,5280,4787
VitamioBundle,yixia/VitamioBundle,https://github.com/yixia/VitamioBundle,5268,186316
iceberg,apache/iceberg,https://github.com/apache/iceberg,5259,55067
lamp-cloud,dromara/lamp-cloud,https://github.com/dromara/lamp-cloud,5251,45896
camel,apache/camel,https://github.com/apache/camel,5246,846172
hive,apache/hive,https://github.com/apache/hive,5244,691395
socket.io-client-java,socketio/socket.io-client-java,https://github.com/socketio/socket.io-client-java,5244,2169
android-lifecycle,xxv/android-lifecycle,https://github.com/xxv/android-lifecycle,5243,3027
titan,thinkaurelius/titan,https://github.com/thinkaurelius/titan,5242,91250
twoway-view,lucasr/twoway-view,https://github.com/lucasr/twoway-view,5232,2554
EdXposed,ElderDrivers/EdXposed,https://github.com/ElderDrivers/EdXposed,5230,12036
Side-Menu.Android,Yalantis/Side-Menu.Android,https://github.com/Yalantis/Side-Menu.Android,5229,1048
Dexter,Karumi/Dexter,https://github.com/Karumi/Dexter,5226,2928
FloatingActionButton,Clans/FloatingActionButton,https://github.com/Clans/FloatingActionButton,5225,3389
generator,mybatis/generator,https://github.com/mybatis/generator,5218,57377
datax-web,WeiYe-Jing/datax-web,https://github.com/WeiYe-Jing/datax-web,5209,43670
lettuce-core,lettuce-io/lettuce-core,https://github.com/lettuce-io/lettuce-core,5199,22107
otto,square/otto,https://github.com/square/otto,5179,703
vespa,vespa-engine/vespa,https://github.com/vespa-engine/vespa,5164,410002
api-samples,youtube/api-samples,https://github.com/youtube/api-samples,5162,816
FastBle,Jasonchenlijian/FastBle,https://github.com/Jasonchenlijian/FastBle,5134,35234
XXPermissions,getActivity/XXPermissions,https://github.com/getActivity/XXPermissions,5121,84777
ctci,careercup/ctci,https://github.com/careercup/ctci,5116,2169
google-authenticator,google/google-authenticator,https://github.com/google/google-authenticator,5116,2433
javaparser,javaparser/javaparser,https://github.com/javaparser/javaparser,5093,43642
spring-boot-projects,ZHENFENG13/spring-boot-projects,https://github.com/ZHENFENG13/spring-boot-projects,5090,14626
BasePopup,razerdp/BasePopup,https://github.com/razerdp/BasePopup,5090,20627
JS-Sorting-Algorithm,hustcc/JS-Sorting-Algorithm,https://github.com/hustcc/JS-Sorting-Algorithm,5079,3636
smartTable,huangyanbin/smartTable,https://github.com/huangyanbin/smartTable,5069,63951
okdownload,lingochamp/okdownload,https://github.com/lingochamp/okdownload,5067,8129
hbase,apache/hbase,https://github.com/apache/hbase,5064,480321
IJPay,Javen205/IJPay,https://github.com/Javen205/IJPay,5050,25323
groovy,apache/groovy,https://github.com/apache/groovy,5047,215375
kafdrop,obsidiandynamics/kafdrop,https://github.com/obsidiandynamics/kafdrop,5043,2777
janusgraph,JanusGraph/janusgraph,https://github.com/JanusGraph/janusgraph,5039,59809
JimuReport,jeecgboot/JimuReport,https://github.com/jeecgboot/JimuReport,5033,100685
Small,wequick/Small,https://github.com/wequick/Small,5030,7023
spring-data-examples,spring-projects/spring-data-examples,https://github.com/spring-projects/spring-data-examples,5023,11619
pinot,apache/pinot,https://github.com/apache/pinot,5021,304610
android-common,Trinea/android-common,https://github.com/Trinea/android-common,5017,1243
hippo4j,opengoofy/hippo4j,https://github.com/opengoofy/hippo4j,5017,22672
dialogplus,orhanobut/dialogplus,https://github.com/orhanobut/dialogplus,5004,6790
UltraViewPager,alibaba/UltraViewPager,https://github.com/alibaba/UltraViewPager,5003,8873
springboot-guide,CodingDocs/springboot-guide,https://github.com/CodingDocs/springboot-guide,4999,5354
InstaMaterial,frogermcs/InstaMaterial,https://github.com/frogermcs/InstaMaterial,4995,4531
spring-mvc-showcase,spring-attic/spring-mvc-showcase,https://github.com/spring-attic/spring-mvc-showcase,4994,765
android-zxingLibrary,yipianfengye/android-zxingLibrary,https://github.com/yipianfengye/android-zxingLibrary,4987,10170
GravitySnapHelper,rubensousa/GravitySnapHelper,https://github.com/rubensousa/GravitySnapHelper,4978,83050
views-widgets-samples,android/views-widgets-samples,https://github.com/android/views-widgets-samples,4965,63749
joda-time,JodaOrg/joda-time,https://github.com/JodaOrg/joda-time,4963,12887
RxJava2-Android-Samples,amitshekhariitbhu/RxJava2-Android-Samples,https://github.com/amitshekhariitbhu/RxJava2-Android-Samples,4962,494
LayoutManagerGroup,DingMouRen/LayoutManagerGroup,https://github.com/DingMouRen/LayoutManagerGroup,4959,45688
flink-cdc-connectors,ververica/flink-cdc-connectors,https://github.com/ververica/flink-cdc-connectors,4957,37067
NavigationTabBar,Devlight/NavigationTabBar,https://github.com/Devlight/NavigationTabBar,4948,389
thumbnailator,coobird/thumbnailator,https://github.com/coobird/thumbnailator,4947,11686
linuxdeploy,meefik/linuxdeploy,https://github.com/meefik/linuxdeploy,4944,53204
hudi,apache/hudi,https://github.com/apache/hudi,4936,1008845
RippleEffect,traex/RippleEffect,https://github.com/traex/RippleEffect,4935,833
opentsdb,OpenTSDB/opentsdb,https://github.com/OpenTSDB/opentsdb,4930,41394
AmazeFileManager,TeamAmaze/AmazeFileManager,https://github.com/TeamAmaze/AmazeFileManager,4927,59889
jetlinks-community,jetlinks/jetlinks-community,https://github.com/jetlinks/jetlinks-community,4895,68307
Luyten,deathmarine/Luyten,https://github.com/deathmarine/Luyten,4893,5857
folding-cell-android,Ramotion/folding-cell-android,https://github.com/Ramotion/folding-cell-android,4885,26341
CloudReader,youlookwhat/CloudReader,https://github.com/youlookwhat/CloudReader,4867,95406
web3j,web3j/web3j,https://github.com/web3j/web3j,4856,9962
sofa-boot,sofastack/sofa-boot,https://github.com/sofastack/sofa-boot,4855,5084
JSqlParser,JSQLParser/JSqlParser,https://github.com/JSQLParser/JSqlParser,4839,11529
Transitions-Everywhere,andkulikov/Transitions-Everywhere,https://github.com/andkulikov/Transitions-Everywhere,4832,1247
DKVideoPlayer,Doikki/DKVideoPlayer,https://github.com/Doikki/DKVideoPlayer,4831,100345
packer-ng-plugin,mcxiaoke/packer-ng-plugin,https://github.com/mcxiaoke/packer-ng-plugin,4826,1458
spring-cloud-netflix,spring-cloud/spring-cloud-netflix,https://github.com/spring-cloud/spring-cloud-netflix,4821,20151
CameraView,natario1/CameraView,https://github.com/natario1/CameraView,4811,30129
mapdb,jankotek/mapdb,https://github.com/jankotek/mapdb,4809,10228
bitcoinj,bitcoinj/bitcoinj,https://github.com/bitcoinj/bitcoinj,4805,25591
lucida,claritylab/lucida,https://github.com/claritylab/lucida,4805,1352332
austin,ZhongFuCheng3y/austin,https://github.com/ZhongFuCheng3y/austin,4786,3948
java-eight-part,CoderLeixiaoshuai/java-eight-part,https://github.com/CoderLeixiaoshuai/java-eight-part,4774,308
Android-ConvenientBanner,saiwu-bigkoo/Android-ConvenientBanner,https://github.com/saiwu-bigkoo/Android-ConvenientBanner,4772,12540
react-native-linear-gradient,react-native-linear-gradient/react-native-linear-gradient,https://github.com/react-native-linear-gradient/react-native-linear-gradient,4770,2099
AndroidStaggeredGrid,etsy/AndroidStaggeredGrid,https://github.com/etsy/AndroidStaggeredGrid,4763,878
reactor-core,reactor/reactor-core,https://github.com/reactor/reactor-core,4763,65291
dddsample-core,citerus/dddsample-core,https://github.com/citerus/dddsample-core,4756,8543
gpmall,2227324689/gpmall,https://github.com/2227324689/gpmall,4755,56925
shopping-management-system,zhanglei-workspace/shopping-management-system,https://github.com/zhanglei-workspace/shopping-management-system,4738,4353
cameraview,google/cameraview,https://github.com/google/cameraview,4733,256
YCSB,brianfrankcooper/YCSB,https://github.com/brianfrankcooper/YCSB,4731,32435
mini-spring,DerekYRC/mini-spring,https://github.com/DerekYRC/mini-spring,4728,1093
reactive-streams-jvm,reactive-streams/reactive-streams-jvm,https://github.com/reactive-streams/reactive-streams-jvm,4723,1846
baseAdapter,hongyangAndroid/baseAdapter,https://github.com/hongyangAndroid/baseAdapter,4715,724
cglib,cglib/cglib,https://github.com/cglib/cglib,4714,4949
react-native-config,lugg/react-native-config,https://github.com/lugg/react-native-config,4711,3549
ActiveAndroid,pardom-zz/ActiveAndroid,https://github.com/pardom-zz/ActiveAndroid,4709,18083
roncoo-pay,roncoo/roncoo-pay,https://github.com/roncoo/roncoo-pay,4709,18383
easy-rules,j-easy/easy-rules,https://github.com/j-easy/easy-rules,4707,1776
android-tips-tricks,nisrulz/android-tips-tricks,https://github.com/nisrulz/android-tips-tricks,4699,34241
spring-security-oauth,spring-attic/spring-security-oauth,https://github.com/spring-attic/spring-security-oauth,4684,7273
SwitchButton,kyleduo/SwitchButton,https://github.com/kyleduo/SwitchButton,4676,12162
cardslib,gabrielemariotti/cardslib,https://github.com/gabrielemariotti/cardslib,4673,30628
orientdb,orientechnologies/orientdb,https://github.com/orientechnologies/orientdb,4668,257439
traccar,traccar/traccar,https://github.com/traccar/traccar,4668,21559
MaterialDateTimePicker,wdullaer/MaterialDateTimePicker,https://github.com/wdullaer/MaterialDateTimePicker,4664,2001
QR-Code-generator,nayuki/QR-Code-generator,https://github.com/nayuki/QR-Code-generator,4663,1376
spring-authorization-server,spring-projects/spring-authorization-server,https://github.com/spring-projects/spring-authorization-server,4655,3932
XUI,xuexiangjys/XUI,https://github.com/xuexiangjys/XUI,4642,286655
ignite,apache/ignite,https://github.com/apache/ignite,4641,427369
reflections,ronmamo/reflections,https://github.com/ronmamo/reflections,4636,1064
xpay,Exrick/xpay,https://github.com/Exrick/xpay,4635,12148
v9porn,techGay/v9porn,https://github.com/techGay/v9porn,4622,138079
Spring-Boot-In-Action,hansonwang99/Spring-Boot-In-Action,https://github.com/hansonwang99/Spring-Boot-In-Action,4622,15827
PageIndicatorView,romandanylyk/PageIndicatorView,https://github.com/romandanylyk/PageIndicatorView,4615,33988
armeria,line/armeria,https://github.com/line/armeria,4601,198112
JAViewer,SplashCodes/JAViewer,https://github.com/SplashCodes/JAViewer,4593,2335
FirebaseUI-Android,firebase/FirebaseUI-Android,https://github.com/firebase/FirebaseUI-Android,4575,28190
pmd,pmd/pmd,https://github.com/pmd/pmd,4573,457361
go-lang-idea-plugin,go-lang-plugin-org/go-lang-idea-plugin,https://github.com/go-lang-plugin-org/go-lang-idea-plugin,4569,34753
SimplifyReader,chentao0707/SimplifyReader,https://github.com/chentao0707/SimplifyReader,4566,62804
Depth-LIB-Android-,danielzeller/Depth-LIB-Android-,https://github.com/danielzeller/Depth-LIB-Android-,4563,3657
graphhopper,graphhopper/graphhopper,https://github.com/graphhopper/graphhopper,4554,136257
Android-IMSI-Catcher-Detector,CellularPrivacy/Android-IMSI-Catcher-Detector,https://github.com/CellularPrivacy/Android-IMSI-Catcher-Detector,4550,11164
mybatis,tuguangquan/mybatis,https://github.com/tuguangquan/mybatis,4542,50815
Douya,zhanghai/Douya,https://github.com/zhanghai/Douya,4542,25350
android-crop,jdamcd/android-crop,https://github.com/jdamcd/android-crop,4540,2835
bottomsheet,Flipboard/bottomsheet,https://github.com/Flipboard/bottomsheet,4536,363
quasar,puniverse/quasar,https://github.com/puniverse/quasar,4536,80585
jetcache,alibaba/jetcache,https://github.com/alibaba/jetcache,4531,3738
bisq,bisq-network/bisq,https://github.com/bisq-network/bisq,4530,713779
novel,201206030/novel,https://github.com/201206030/novel,4526,99418
JGrowing,javagrowing/JGrowing,https://github.com/javagrowing/JGrowing,4520,2987
rocketmq-externals,apache/rocketmq-externals,https://github.com/apache/rocketmq-externals,4517,36258
lwjgl3,LWJGL/lwjgl3,https://github.com/LWJGL/lwjgl3,4517,95208
querydsl,querydsl/querydsl,https://github.com/querydsl/querydsl,4513,51696
JustTrustMe,Fuzion24/JustTrustMe,https://github.com/Fuzion24/JustTrustMe,4507,432
NineOldAndroids,JakeWharton/NineOldAndroids,https://github.com/JakeWharton/NineOldAndroids,4502,1207
ribbon,Netflix/ribbon,https://github.com/Netflix/ribbon,4501,3499
dexposed,alibaba/dexposed,https://github.com/alibaba/dexposed,4499,1875
SmoothProgressBar,castorflex/SmoothProgressBar,https://github.com/castorflex/SmoothProgressBar,4494,15681
usb-serial-for-android,mik3y/usb-serial-for-android,https://github.com/mik3y/usb-serial-for-android,4485,854
QLExpress,alibaba/QLExpress,https://github.com/alibaba/QLExpress,4479,2298
java-faker,DiUS/java-faker,https://github.com/DiUS/java-faker,4478,6147
bilibili-android-client,HotBitmapGG/bilibili-android-client,https://github.com/HotBitmapGG/bilibili-android-client,4478,113179
crawler4j,yasserg/crawler4j,https://github.com/yasserg/crawler4j,4476,1186
rstudio,rstudio/rstudio,https://github.com/rstudio/rstudio,4471,961858
MusicBot,jagrosh/MusicBot,https://github.com/jagrosh/MusicBot,4450,7633
jeepay,jeequan/jeepay,https://github.com/jeequan/jeepay,4448,5899
libsvm,cjlin1/libsvm,https://github.com/cjlin1/libsvm,4443,8983
JSON-java,stleary/JSON-java,https://github.com/stleary/JSON-java,4442,2390
android-times-square,square/android-times-square,https://github.com/square/android-times-square,4441,1541
SpringBoot-Shiro-Vue,Heeexy/SpringBoot-Shiro-Vue,https://github.com/Heeexy/SpringBoot-Shiro-Vue,4435,410
small-spring,fuzhengwei/small-spring,https://github.com/fuzhengwei/small-spring,4433,10594
react-native-webrtc,react-native-webrtc/react-native-webrtc,https://github.com/react-native-webrtc/react-native-webrtc,4427,432072
android-mvp-architecture,janishar/android-mvp-architecture,https://github.com/janishar/android-mvp-architecture,4427,6155
runelite,runelite/runelite,https://github.com/runelite/runelite,4427,69027
microservices-platform,zlt2000/microservices-platform,https://github.com/zlt2000/microservices-platform,4406,300761
mockserver,mock-server/mockserver,https://github.com/mock-server/mockserver,4398,51876
DesignPattern,youlookwhat/DesignPattern,https://github.com/youlookwhat/DesignPattern,4391,4512
sodium-fabric,CaffeineMC/sodium-fabric,https://github.com/CaffeineMC/sodium-fabric,4389,6259
dynamic-datasource,baomidou/dynamic-datasource,https://github.com/baomidou/dynamic-datasource,4383,1126
azkaban,azkaban/azkaban,https://github.com/azkaban/azkaban,4379,57554
GT,Tencent/GT,https://github.com/Tencent/GT,4376,21307
Robust,Meituan-Dianping/Robust,https://github.com/Meituan-Dianping/Robust,4376,26253
spring-reading,xuchengsheng/spring-reading,https://github.com/xuchengsheng/spring-reading,4374,2089
oshi,oshi/oshi,https://github.com/oshi/oshi,4363,315000
java-algorithms-implementation,phishman3579/java-algorithms-implementation,https://github.com/phishman3579/java-algorithms-implementation,4357,1487
BottomNavigation,Ashok-Varma/BottomNavigation,https://github.com/Ashok-Varma/BottomNavigation,4355,3928
GCViewer,chewiebug/GCViewer,https://github.com/chewiebug/GCViewer,4352,6744
openai-java,TheoKanning/openai-java,https://github.com/TheoKanning/openai-java,4346,553
Geyser,GeyserMC/Geyser,https://github.com/GeyserMC/Geyser,4335,25146
AndroidHttpCapture,JZ-Darkal/AndroidHttpCapture,https://github.com/JZ-Darkal/AndroidHttpCapture,4323,5880
javacpp,bytedeco/javacpp,https://github.com/bytedeco/javacpp,4308,10126
BGARefreshLayout-Android,bingoogolapple/BGARefreshLayout-Android,https://github.com/bingoogolapple/BGARefreshLayout-Android,4305,7561
spring-cloud-gateway,spring-cloud/spring-cloud-gateway,https://github.com/spring-cloud/spring-cloud-gateway,4305,11543
ForestBlog,saysky/ForestBlog,https://github.com/saysky/ForestBlog,4304,52199
epic,tiann/epic,https://github.com/tiann/epic,4301,558
android-volley,mcxiaoke/android-volley,https://github.com/mcxiaoke/android-volley,4299,952
killbill,killbill/killbill,https://github.com/killbill/killbill,4295,680753
moco,dreamhead/moco,https://github.com/dreamhead/moco,4289,6018
ImagePicker,jeasonlzy/ImagePicker,https://github.com/jeasonlzy/ImagePicker,4284,21059
concurrent,RedSpider1/concurrent,https://github.com/RedSpider1/concurrent,4279,12595
strimzi-kafka-operator,strimzi/strimzi-kafka-operator,https://github.com/strimzi/strimzi-kafka-operator,4278,70890
coursera-android,aporter/coursera-android,https://github.com/aporter/coursera-android,4273,22558
AndroidTutorialForBeginners,hussien89aa/AndroidTutorialForBeginners,https://github.com/hussien89aa/AndroidTutorialForBeginners,4263,688
micrometer,micrometer-metrics/micrometer,https://github.com/micrometer-metrics/micrometer,4262,33270
liquibase,liquibase/liquibase,https://github.com/liquibase/liquibase,4260,156822
android-autofittextview,grantland/android-autofittextview,https://github.com/grantland/android-autofittextview,4249,1190
calcite,apache/calcite,https://github.com/apache/calcite,4249,97159
wgcloud,tianshiyeben/wgcloud,https://github.com/tianshiyeben/wgcloud,4245,47878
TelegramBots,rubenlagus/TelegramBots,https://github.com/rubenlagus/TelegramBots,4236,3180
shiro,apache/shiro,https://github.com/apache/shiro,4231,29028
CircleIndicator,ongakuer/CircleIndicator,https://github.com/ongakuer/CircleIndicator,4230,4407
ShineButton,ChadCSong/ShineButton,https://github.com/ChadCSong/ShineButton,4219,2525
nifi,apache/nifi,https://github.com/apache/nifi,4218,247928
blog_demos,zq2599/blog_demos,https://github.com/zq2599/blog_demos,4216,205681
tx-lcn,codingapi/tx-lcn,https://github.com/codingapi/tx-lcn,4208,14551
InternetArchitect,bjmashibing/InternetArchitect,https://github.com/bjmashibing/InternetArchitect,4200,298764
java-learning,brianway/java-learning,https://github.com/brianway/java-learning,4190,800
mall4j,gz-yami/mall4j,https://github.com/gz-yami/mall4j,4190,16439
CoordinatorTabLayout,hugeterry/CoordinatorTabLayout,https://github.com/hugeterry/CoordinatorTabLayout,4190,11528
JKeyboardPanelSwitch,Jacksgong/JKeyboardPanelSwitch,https://github.com/Jacksgong/JKeyboardPanelSwitch,4184,24090
Gadgetbridge,Freeyourgadget/Gadgetbridge,https://github.com/Freeyourgadget/Gadgetbridge,4180,43522
iotdb,apache/iotdb,https://github.com/apache/iotdb,4175,231205
jpexs-decompiler,jindrapetrik/jpexs-decompiler,https://github.com/jindrapetrik/jpexs-decompiler,4169,271319
hertzbeat,dromara/hertzbeat,https://github.com/dromara/hertzbeat,4164,212608
BGABanner-Android,bingoogolapple/BGABanner-Android,https://github.com/bingoogolapple/BGABanner-Android,4157,40637
FloatWindow,yhaolpz/FloatWindow,https://github.com/yhaolpz/FloatWindow,4157,1002
frontend-maven-plugin,eirslett/frontend-maven-plugin,https://github.com/eirslett/frontend-maven-plugin,4136,1257
StepView,baoyachi/StepView,https://github.com/baoyachi/StepView,4132,16297
aviatorscript,killme2008/aviatorscript,https://github.com/killme2008/aviatorscript,4130,12764
wvp-GB28181-pro,648540858/wvp-GB28181-pro,https://github.com/648540858/wvp-GB28181-pro,4126,40410
--,981011512/--,https://github.com/981011512/--,4125,17027
OsmAnd,osmandapp/OsmAnd,https://github.com/osmandapp/OsmAnd,4122,839144
MifareClassicTool,ikarus23/MifareClassicTool,https://github.com/ikarus23/MifareClassicTool,4119,7483
powermock,powermock/powermock,https://github.com/powermock/powermock,4114,5949
Tangram-Android,alibaba/Tangram-Android,https://github.com/alibaba/Tangram-Android,4109,1604
opengrok,oracle/opengrok,https://github.com/oracle/opengrok,4094,447146
megabasterd,tonikelope/megabasterd,https://github.com/tonikelope/megabasterd,4087,85150
LoadingDrawable,dinuscxj/LoadingDrawable,https://github.com/dinuscxj/LoadingDrawable,4084,13846
logisim-evolution,logisim-evolution/logisim-evolution,https://github.com/logisim-evolution/logisim-evolution,4082,109685
hmily,dromara/hmily,https://github.com/dromara/hmily,4078,3787
ExpandableTextView,Manabu-GT/ExpandableTextView,https://github.com/Manabu-GT/ExpandableTextView,4075,4287
flink-recommandSystem-demo,will-che/flink-recommandSystem-demo,https://github.com/will-che/flink-recommandSystem-demo,4064,4692
ViewPagerCards,rubensousa/ViewPagerCards,https://github.com/rubensousa/ViewPagerCards,4062,105
jodd,oblac/jodd,https://github.com/oblac/jodd,4051,42807
maven,apache/maven,https://github.com/apache/maven,4049,59807
JDA,discord-jda/JDA,https://github.com/discord-jda/JDA,4038,32940
Ant-Media-Server,ant-media/Ant-Media-Server,https://github.com/ant-media/Ant-Media-Server,4030,1083279
CC,luckybilly/CC,https://github.com/luckybilly/CC,4030,32435
library,ddd-by-examples/library,https://github.com/ddd-by-examples/library,4029,48023
jitsi,jitsi/jitsi,https://github.com/jitsi/jitsi,4027,579546
Phoenix,Yalantis/Phoenix,https://github.com/Yalantis/Phoenix,4023,663
spring-boot-starter,mybatis/spring-boot-starter,https://github.com/mybatis/spring-boot-starter,4020,14326
Bolts-Android,BoltsFramework/Bolts-Android,https://github.com/BoltsFramework/Bolts-Android,4013,476
FloatingActionButton,makovkastar/FloatingActionButton,https://github.com/makovkastar/FloatingActionButton,4010,11228
tiny-spring,code4craft/tiny-spring,https://github.com/code4craft/tiny-spring,4007,638
greys-anatomy,oldmanpushcart/greys-anatomy,https://github.com/oldmanpushcart/greys-anatomy,3991,1769
TwinklingRefreshLayout,lcodecorex/TwinklingRefreshLayout,https://github.com/lcodecorex/TwinklingRefreshLayout,3991,82617
h2database,h2database/h2database,https://github.com/h2database/h2database,3989,90378
BadgeView,qstumn/BadgeView,https://github.com/qstumn/BadgeView,3985,9326
javassist,jboss-javassist/javassist,https://github.com/jboss-javassist/javassist,3984,30408
malmo,microsoft/malmo,https://github.com/microsoft/malmo,3981,28835
open-location-code,google/open-location-code,https://github.com/google/open-location-code,3979,4503
XCL-Charts,xcltapestry/XCL-Charts,https://github.com/xcltapestry/XCL-Charts,3972,127035
jacoco,jacoco/jacoco,https://github.com/jacoco/jacoco,3948,10322
RxJavaSamples,rengwuxian/RxJavaSamples,https://github.com/rengwuxian/RxJavaSamples,3947,4613
bistoury,qunarcorp/bistoury,https://github.com/qunarcorp/bistoury,3947,32465
dubbo-admin,apache/dubbo-admin,https://github.com/apache/dubbo-admin,3941,14282
SmartCropper,pqpo/SmartCropper,https://github.com/pqpo/SmartCropper,3936,249116
jstorm,alibaba/jstorm,https://github.com/alibaba/jstorm,3925,108125
android-iconify,JoanZapata/android-iconify,https://github.com/JoanZapata/android-iconify,3923,3689
GuideView,binIoter/GuideView,https://github.com/binIoter/GuideView,3914,7068
crate,crate/crate,https://github.com/crate/crate,3885,145671
tech-weekly,mercyblitz/tech-weekly,https://github.com/mercyblitz/tech-weekly,3884,19749
RichText,zzhoujay/RichText,https://github.com/zzhoujay/RichText,3880,2485
maxwell,zendesk/maxwell,https://github.com/zendesk/maxwell,3878,25206
serve,pytorch/serve,https://github.com/pytorch/serve,3868,92192
interviewGuide,NotFound9/interviewGuide,https://github.com/NotFound9/interviewGuide,3867,62214
WePush,rememberber/WePush,https://github.com/rememberber/WePush,3865,45759
learning-spark,databricks/learning-spark,https://github.com/databricks/learning-spark,3863,370
ahbottomnavigation,aurelhubert/ahbottomnavigation,https://github.com/aurelhubert/ahbottomnavigation,3850,5644
chunjun,DTStack/chunjun,https://github.com/DTStack/chunjun,3848,126907
LeetCode-Book,krahets/LeetCode-Book,https://github.com/krahets/LeetCode-Book,3828,849
MaterialSearchView,MiguelCatalan/MaterialSearchView,https://github.com/MiguelCatalan/MaterialSearchView,3826,4665
lilishop,lilishop/lilishop,https://github.com/lilishop/lilishop,3819,48831
XposedInstaller,rovo89/XposedInstaller,https://github.com/rovo89/XposedInstaller,3816,18977
db-tutorial,dunwu/db-tutorial,https://github.com/dunwu/db-tutorial,3814,13424
android,nextcloud/android,https://github.com/nextcloud/android,3807,469839
spring-boot-best-practice,javastacks/spring-boot-best-practice,https://github.com/javastacks/spring-boot-best-practice,3797,232
Launcher3,amirzaidi/Launcher3,https://github.com/amirzaidi/Launcher3,3796,129066
CircleProgress,lzyzsd/CircleProgress,https://github.com/lzyzsd/CircleProgress,3791,2538
DataMiningAlgorithm,linyiqun/DataMiningAlgorithm,https://github.com/linyiqun/DataMiningAlgorithm,3784,535
poi-tl,Sayi/poi-tl,https://github.com/Sayi/poi-tl,3784,102766
sofa-rpc,sofastack/sofa-rpc,https://github.com/sofastack/sofa-rpc,3780,3901
roboguice,roboguice/roboguice,https://github.com/roboguice/roboguice,3779,70278
IoT-Technical-Guide,IoT-Technology/IoT-Technical-Guide,https://github.com/IoT-Technology/IoT-Technical-Guide,3767,1361
effective-java-3e-source-code,jbloch/effective-java-3e-source-code,https://github.com/jbloch/effective-java-3e-source-code,3759,89
ipscan,angryip/ipscan,https://github.com/angryip/ipscan,3758,117444
SuperTextView,lygttpod/SuperTextView,https://github.com/lygttpod/SuperTextView,3756,25933
MarqueeView,sunfusheng/MarqueeView,https://github.com/sunfusheng/MarqueeView,3753,12351
camunda-bpm-platform,camunda/camunda-bpm-platform,https://github.com/camunda/camunda-bpm-platform,3749,155720
xboot,Exrick/xboot,https://github.com/Exrick/xboot,3748,5309
sticky-headers-recyclerview,timehop/sticky-headers-recyclerview,https://github.com/timehop/sticky-headers-recyclerview,3741,337
djl,deepjavalibrary/djl,https://github.com/deepjavalibrary/djl,3741,46580
Guns,stylefeng/Guns,https://github.com/stylefeng/Guns,3732,20263
XChange,knowm/XChange,https://github.com/knowm/XChange,3731,48479
LiveEventBus,JeremyLiao/LiveEventBus,https://github.com/JeremyLiao/LiveEventBus,3730,2678
jetty.project,jetty/jetty.project,https://github.com/jetty/jetty.project,3719,246713
mpush,mpusher/mpush,https://github.com/mpusher/mpush,3713,2595
NoHttp,yanzhenjie/NoHttp,https://github.com/yanzhenjie/NoHttp,3707,54486
CustomActivityOnCrash,Ereza/CustomActivityOnCrash,https://github.com/Ereza/CustomActivityOnCrash,3696,622
StylishMusicPlayer,ryanhoo/StylishMusicPlayer,https://github.com/ryanhoo/StylishMusicPlayer,3690,2929
DSBridge-Android,wendux/DSBridge-Android,https://github.com/wendux/DSBridge-Android,3689,902
ASimpleCache,yangfuhai/ASimpleCache,https://github.com/yangfuhai/ASimpleCache,3681,719
Leetcode,fishercoder1534/Leetcode,https://github.com/fishercoder1534/Leetcode,3666,8835
atmosphere,Atmosphere/atmosphere,https://github.com/Atmosphere/atmosphere,3661,113254
java-developer-roadmap,s4kibs4mi/java-developer-roadmap,https://github.com/s4kibs4mi/java-developer-roadmap,3659,4609
jmonkeyengine,jMonkeyEngine/jmonkeyengine,https://github.com/jMonkeyEngine/jmonkeyengine,3654,971701
ChatKit,stfalcon-studio/ChatKit,https://github.com/stfalcon-studio/ChatKit,3653,6136
android-common,litesuits/android-common,https://github.com/litesuits/android-common,3643,594
SwipeDelMenuLayout,mcxtzhang/SwipeDelMenuLayout,https://github.com/mcxtzhang/SwipeDelMenuLayout,3642,5660
incubator-heron,apache/incubator-heron,https://github.com/apache/incubator-heron,3638,183934
incubator-streampark,apache/incubator-streampark,https://github.com/apache/incubator-streampark,3628,57715
midjourney-proxy,novicezk/midjourney-proxy,https://github.com/novicezk/midjourney-proxy,3624,5760
CompreFace,exadel-inc/CompreFace,https://github.com/exadel-inc/CompreFace,3619,530733
Play-with-Algorithms,liuyubobobo/Play-with-Algorithms,https://github.com/liuyubobobo/Play-with-Algorithms,3617,112003
IDDD_Samples,VaughnVernon/IDDD_Samples,https://github.com/VaughnVernon/IDDD_Samples,3614,546
emojicon,rockerhieu/emojicon,https://github.com/rockerhieu/emojicon,3611,9713
screw,pingfangushi/screw,https://github.com/pingfangushi/screw,3599,2092
ExplosionField,tyrantgit/ExplosionField,https://github.com/tyrantgit/ExplosionField,3599,1570
Terasology,MovingBlocks/Terasology,https://github.com/MovingBlocks/Terasology,3599,305558
ripme,RipMeApp/ripme,https://github.com/RipMeApp/ripme,3597,4140
DropDownMenu,dongjunkun/DropDownMenu,https://github.com/dongjunkun/DropDownMenu,3590,14892
android-stackblur,kikoso/android-stackblur,https://github.com/kikoso/android-stackblur,3584,6716
kylin,apache/kylin,https://github.com/apache/kylin,3580,524974
light-4j,networknt/light-4j,https://github.com/networknt/light-4j,3577,10902
AndServer,yanzhenjie/AndServer,https://github.com/yanzhenjie/AndServer,3576,6648
databus,linkedin/databus,https://github.com/linkedin/databus,3575,51191
allure2,allure-framework/allure2,https://github.com/allure-framework/allure2,3574,14004
floatingsearchview,arimorty/floatingsearchview,https://github.com/arimorty/floatingsearchview,3548,7915
FlexibleAdapter,davideas/FlexibleAdapter,https://github.com/davideas/FlexibleAdapter,3544,10850
java-tron,tronprotocol/java-tron,https://github.com/tronprotocol/java-tron,3540,208562
RecyclerViewPager,lsjwzh/RecyclerViewPager,https://github.com/lsjwzh/RecyclerViewPager,3534,3248
data-transfer-project,google/data-transfer-project,https://github.com/google/data-transfer-project,3532,9979
netty-learning,code4craft/netty-learning,https://github.com/code4craft/netty-learning,3531,3362
AppUpdate,WVector/AppUpdate,https://github.com/WVector/AppUpdate,3529,50788
hackpad,dropbox/hackpad,https://github.com/dropbox/hackpad,3526,110132
Music-Player,andremion/Music-Player,https://github.com/andremion/Music-Player,3512,24772
SwipeMenuListView,baoyongzhang/SwipeMenuListView,https://github.com/baoyongzhang/SwipeMenuListView,3509,1854
guide-rpc-framework,Snailclimb/guide-rpc-framework,https://github.com/Snailclimb/guide-rpc-framework,3508,4364
android-maps-utils,googlemaps/android-maps-utils,https://github.com/googlemaps/android-maps-utils,3505,15586
geoserver,geoserver/geoserver,https://github.com/geoserver/geoserver,3500,298148
vertx-examples,vert-x3/vertx-examples,https://github.com/vert-x3/vertx-examples,3497,51281
undertow,undertow-io/undertow,https://github.com/undertow-io/undertow,3495,26573
GeekNews,codeestX/GeekNews,https://github.com/codeestX/GeekNews,3489,83845
react-native-share,react-native-share/react-native-share,https://github.com/react-native-share/react-native-share,3487,12286
Android,hmkcode/Android,https://github.com/hmkcode/Android,3483,1841
Alink,alibaba/Alink,https://github.com/alibaba/Alink,3462,19224
NewbieGuide,huburt-Hu/NewbieGuide,https://github.com/huburt-Hu/NewbieGuide,3455,795
bitcoin-wallet,bitcoin-wallet/bitcoin-wallet,https://github.com/bitcoin-wallet/bitcoin-wallet,3448,41407
SeeWeather,xcc3641/SeeWeather,https://github.com/xcc3641/SeeWeather,3445,16083
My-Blog,ZHENFENG13/My-Blog,https://github.com/ZHENFENG13/My-Blog,3445,30373
Android-BluetoothKit,dingjikerbo/Android-BluetoothKit,https://github.com/dingjikerbo/Android-BluetoothKit,3443,3989
LoadSir,KingJA/LoadSir,https://github.com/KingJA/LoadSir,3439,4024
SSM,crossoverJie/SSM,https://github.com/crossoverJie/SSM,3439,4404
pixel-dungeon,watabou/pixel-dungeon,https://github.com/watabou/pixel-dungeon,3436,8161
openhab1-addons,openhab/openhab1-addons,https://github.com/openhab/openhab1-addons,3435,244412
giffun,guolindev/giffun,https://github.com/guolindev/giffun,3434,7432
JCTools,JCTools/JCTools,https://github.com/JCTools/JCTools,3433,7886
jackson-databind,FasterXML/jackson-databind,https://github.com/FasterXML/jackson-databind,3430,77340
sofa-jraft,sofastack/sofa-jraft,https://github.com/sofastack/sofa-jraft,3422,3539
aurora,linhaojun857/aurora,https://github.com/linhaojun857/aurora,3418,5840
AlgoDS,sherxon/AlgoDS,https://github.com/sherxon/AlgoDS,3417,1585
libstreaming,fyhertz/libstreaming,https://github.com/fyhertz/libstreaming,3416,1537
BottomNavigationViewEx,ittianyu/BottomNavigationViewEx,https://github.com/ittianyu/BottomNavigationViewEx,3411,1770
tablesaw,jtablesaw/tablesaw,https://github.com/jtablesaw/tablesaw,3406,66160
Android-Week-View,alamkanak/Android-Week-View,https://github.com/alamkanak/Android-Week-View,3402,814
spring-cloud-kubernetes,spring-cloud/spring-cloud-kubernetes,https://github.com/spring-cloud/spring-cloud-kubernetes,3398,56896
novel-plus,201206030/novel-plus,https://github.com/201206030/novel-plus,3392,42648
JavaEETest,lenve/JavaEETest,https://github.com/lenve/JavaEETest,3391,27714
LQRWeChat,GitLqr/LQRWeChat,https://github.com/GitLqr/LQRWeChat,3389,120743
android-hidden-api,anggrayudi/android-hidden-api,https://github.com/anggrayudi/android-hidden-api,3385,334963
shattered-pixel-dungeon,00-Evan/shattered-pixel-dungeon,https://github.com/00-Evan/shattered-pixel-dungeon,3374,150492
shopizer,shopizer-ecommerce/shopizer,https://github.com/shopizer-ecommerce/shopizer,3366,565927
MyBatis-Spring-Boot,abel533/MyBatis-Spring-Boot,https://github.com/abel533/MyBatis-Spring-Boot,3361,152
volley,google/volley,https://github.com/google/volley,3352,1421
RxAndroidBle,dariuszseweryn/RxAndroidBle,https://github.com/dariuszseweryn/RxAndroidBle,3348,2984
archi,ivacf/archi,https://github.com/ivacf/archi,3333,1454
helidon,helidon-io/helidon,https://github.com/helidon-io/helidon,3332,90967
migration,phodal/migration,https://github.com/phodal/migration,3326,6167
DDComponentForAndroid,luojilab/DDComponentForAndroid,https://github.com/luojilab/DDComponentForAndroid,3326,1060
RoaringBitmap,RoaringBitmap/RoaringBitmap,https://github.com/RoaringBitmap/RoaringBitmap,3326,89535
unidbg,zhkl0228/unidbg,https://github.com/zhkl0228/unidbg,3319,589527
http-request,kevinsawicki/http-request,https://github.com/kevinsawicki/http-request,3313,1678
BubbleSeekBar,woxingxiao/BubbleSeekBar,https://github.com/woxingxiao/BubbleSeekBar,3310,43994
initializr,spring-io/initializr,https://github.com/spring-io/initializr,3308,10614
jabref,JabRef/jabref,https://github.com/JabRef/jabref,3303,223228
99-problems,shekhargulati/99-problems,https://github.com/shekhargulati/99-problems,3303,386
igniter,trojan-gfw/igniter,https://github.com/trojan-gfw/igniter,3302,17590
ffmpeg-android-java,WritingMinds/ffmpeg-android-java,https://github.com/WritingMinds/ffmpeg-android-java,3300,90083
java,kubernetes-client/java,https://github.com/kubernetes-client/java,3299,38249
actor-platform,actorapp/actor-platform,https://github.com/actorapp/actor-platform,3294,340190
spotbugs,spotbugs/spotbugs,https://github.com/spotbugs/spotbugs,3281,144025
chatgpt-java,PlexPt/chatgpt-java,https://github.com/PlexPt/chatgpt-java,3276,353
jvm-serializers,eishay/jvm-serializers,https://github.com/eishay/jvm-serializers,3273,209673
jvm-tools,aragozin/jvm-tools,https://github.com/aragozin/jvm-tools,3269,5659
red5-server,Red5/red5-server,https://github.com/Red5/red5-server,3267,104542
hope-boot,java-aodeng/hope-boot,https://github.com/java-aodeng/hope-boot,3257,13973
JavaSourceCodeLearning,coderbruis/JavaSourceCodeLearning,https://github.com/coderbruis/JavaSourceCodeLearning,3254,8297
LeafPic,UnevenSoftware/LeafPic,https://github.com/UnevenSoftware/LeafPic,3254,10544
grpc-spring,grpc-ecosystem/grpc-spring,https://github.com/grpc-ecosystem/grpc-spring,3248,3526
ftgo-application,microservices-patterns/ftgo-application,https://github.com/microservices-patterns/ftgo-application,3244,1144
kubernetes-client,fabric8io/kubernetes-client,https://github.com/fabric8io/kubernetes-client,3242,487922
logging-log4j2,apache/logging-log4j2,https://github.com/apache/logging-log4j2,3234,77458
Android-Tips,tangqi92/Android-Tips,https://github.com/tangqi92/Android-Tips,3232,267
1brc,gunnarmorling/1brc,https://github.com/gunnarmorling/1brc,3232,2585
leetcode,gouthampradhan/leetcode,https://github.com/gouthampradhan/leetcode,3230,876
incubator-kie-optaplanner,apache/incubator-kie-optaplanner,https://github.com/apache/incubator-kie-optaplanner,3229,244759
mlkit,googlesamples/mlkit,https://github.com/googlesamples/mlkit,3227,47687
jfinal,jfinal/jfinal,https://github.com/jfinal/jfinal,3226,3355
GalleryFinal,pengjianbo/GalleryFinal,https://github.com/pengjianbo/GalleryFinal,3223,55339
librec,guoguibing/librec,https://github.com/guoguibing/librec,3214,87642
cobar,alibaba/cobar,https://github.com/alibaba/cobar,3213,9021
linkis,apache/linkis,https://github.com/apache/linkis,3208,89933
AndroidViewHover,daimajia/AndroidViewHover,https://github.com/daimajia/AndroidViewHover,3205,7103
dynamic-tp,dromara/dynamic-tp,https://github.com/dromara/dynamic-tp,3202,15865
openj9,eclipse-openj9/openj9,https://github.com/eclipse-openj9/openj9,3202,165135
marshalsec,mbechler/marshalsec,https://github.com/mbechler/marshalsec,3199,466
drag-sort-listview,bauerca/drag-sort-listview,https://github.com/bauerca/drag-sort-listview,3198,2461
android,cSploit/android,https://github.com/cSploit/android,3197,39651
AxonFramework,AxonFramework/AxonFramework,https://github.com/AxonFramework/AxonFramework,3195,43788
PRDownloader,amitshekhariitbhu/PRDownloader,https://github.com/amitshekhariitbhu/PRDownloader,3191,470
MyPerf4J,LinShunKang/MyPerf4J,https://github.com/LinShunKang/MyPerf4J,3185,1203
network-connection-class,facebookarchive/network-connection-class,https://github.com/facebookarchive/network-connection-class,3182,248
fernflower,fesh0r/fernflower,https://github.com/fesh0r/fernflower,3177,6263
citypicker,crazyandcoder/citypicker,https://github.com/crazyandcoder/citypicker,3174,1842
Java8InAction,java8/Java8InAction,https://github.com/java8/Java8InAction,3173,112
AndEngine,nicolasgramlich/AndEngine,https://github.com/nicolasgramlich/AndEngine,3173,23510
WukongCRM-11.0-JAVA,WuKongOpenSource/WukongCRM-11.0-JAVA,https://github.com/WuKongOpenSource/WukongCRM-11.0-JAVA,3167,114411
GsonFormat,zzz40500/GsonFormat,https://github.com/zzz40500/GsonFormat,3166,4212
StickerCamera,Skykai521/StickerCamera,https://github.com/Skykai521/StickerCamera,3166,9482
TextDrawable,amulyakhare/TextDrawable,https://github.com/amulyakhare/TextDrawable,3163,1148
afinal,yangfuhai/afinal,https://github.com/yangfuhai/afinal,3161,4234
react-native-notifications,wix/react-native-notifications,https://github.com/wix/react-native-notifications,3156,11005
ActionBar-PullToRefresh,chrisbanes/ActionBar-PullToRefresh,https://github.com/chrisbanes/ActionBar-PullToRefresh,3155,3628
VideoPlayerManager,danylovolokh/VideoPlayerManager,https://github.com/danylovolokh/VideoPlayerManager,3147,236448
Highlight,hongyangAndroid/Highlight,https://github.com/hongyangAndroid/Highlight,3140,2985
android-mvp-mvvm-flytour,mxdldev/android-mvp-mvvm-flytour,https://github.com/mxdldev/android-mvp-mvvm-flytour,3133,35177
akhq,tchiotludo/akhq,https://github.com/tchiotludo/akhq,3131,24779
TV,FongMi/TV,https://github.com/FongMi/TV,3126,196280
YCAppTool,yangchong211/YCAppTool,https://github.com/yangchong211/YCAppTool,3126,191246
MarsDaemon,Marswin/MarsDaemon,https://github.com/Marswin/MarsDaemon,3125,1069
RxEasyHttp,zhou-you/RxEasyHttp,https://github.com/zhou-you/RxEasyHttp,3124,52857
my-site,WinterChenS/my-site,https://github.com/WinterChenS/my-site,3119,6340
android-adDialog,yipianfengye/android-adDialog,https://github.com/yipianfengye/android-adDialog,3116,9064
Chronicle-Queue,OpenHFT/Chronicle-Queue,https://github.com/OpenHFT/Chronicle-Queue,3109,29220
lombok-intellij-plugin,mplushnikov/lombok-intellij-plugin,https://github.com/mplushnikov/lombok-intellij-plugin,3106,27962
CityPicker,zaaach/CityPicker,https://github.com/zaaach/CityPicker,3105,14120
OpenPDF,LibrePDF/OpenPDF,https://github.com/LibrePDF/OpenPDF,3082,36832
javacore,dunwu/javacore,https://github.com/dunwu/javacore,3076,16918
booksource,guolindev/booksource,https://github.com/guolindev/booksource,3071,21429
AndroidChromium,JackyAndroid/AndroidChromium,https://github.com/JackyAndroid/AndroidChromium,3061,100646
curator,apache/curator,https://github.com/apache/curator,3051,11053
RecyclerViewItemAnimators,gabrielemariotti/RecyclerViewItemAnimators,https://github.com/gabrielemariotti/RecyclerViewItemAnimators,3050,716
react-native-keychain,oblador/react-native-keychain,https://github.com/oblador/react-native-keychain,3046,1715
Head-First-Design-Patterns,bethrobson/Head-First-Design-Patterns,https://github.com/bethrobson/Head-First-Design-Patterns,3044,208
sofa-jarslink,sofastack/sofa-jarslink,https://github.com/sofastack/sofa-jarslink,3043,356
yanxuan-weex-demo,zwwill/yanxuan-weex-demo,https://github.com/zwwill/yanxuan-weex-demo,3042,113180
ViewpagerTransition,xmuSistone/ViewpagerTransition,https://github.com/xmuSistone/ViewpagerTransition,3037,30297
DeepLearning,yusugomori/DeepLearning,https://github.com/yusugomori/DeepLearning,3032,140
AndroidTVLauncher,JackyAndroid/AndroidTVLauncher,https://github.com/JackyAndroid/AndroidTVLauncher,3032,20573
WebCollector,CrawlScript/WebCollector,https://github.com/CrawlScript/WebCollector,3027,272113
android-viewbadger,jgilfelt/android-viewbadger,https://github.com/jgilfelt/android-viewbadger,3023,297
jwt-spring-security-demo,szerhusenBC/jwt-spring-security-demo,https://github.com/szerhusenBC/jwt-spring-security-demo,3023,328
Crouton,keyboardsurfer/Crouton,https://github.com/keyboardsurfer/Crouton,3012,3934
android-process-button,dmytrodanylyk/android-process-button,https://github.com/dmytrodanylyk/android-process-button,3009,3491
yuicompressor,yui/yuicompressor,https://github.com/yui/yuicompressor,3009,6402
light-task-scheduler,ltsopensource/light-task-scheduler,https://github.com/ltsopensource/light-task-scheduler,3001,99960
google-signin,react-native-google-signin/google-signin,https://github.com/react-native-google-signin/google-signin,2999,23270
google-services,googlesamples/google-services,https://github.com/googlesamples/google-services,2999,9009
learning-note,rbmonster/learning-note,https://github.com/rbmonster/learning-note,2995,67621
react-native-fbsdk,facebookarchive/react-native-fbsdk,https://github.com/facebookarchive/react-native-fbsdk,2993,3092
DraggablePanel,pedrovgs/DraggablePanel,https://github.com/pedrovgs/DraggablePanel,2988,107837
simple-binary-encoding,real-logic/simple-binary-encoding,https://github.com/real-logic/simple-binary-encoding,2983,26404
AndroidTreeView,bmelnychuk/AndroidTreeView,https://github.com/bmelnychuk/AndroidTreeView,2974,238
Iris,IrisShaders/Iris,https://github.com/IrisShaders/Iris,2970,12605
wildfly,wildfly/wildfly,https://github.com/wildfly/wildfly,2970,280236
EFAK,smartloli/EFAK,https://github.com/smartloli/EFAK,2968,126095
zeebe,camunda/zeebe,https://github.com/camunda/zeebe,2967,171094
MultiImageSelector,lovetuzitong/MultiImageSelector,https://github.com/lovetuzitong/MultiImageSelector,2967,4004
Android-Terminal-Emulator,jackpal/Android-Terminal-Emulator,https://github.com/jackpal/Android-Terminal-Emulator,2966,6399
OnJava8-Examples,BruceEckel/OnJava8-Examples,https://github.com/BruceEckel/OnJava8-Examples,2964,10935
Nuwa,jasonross/Nuwa,https://github.com/jasonross/Nuwa,2964,0
robospice,stephanenicolas/robospice,https://github.com/stephanenicolas/robospice,2954,72063
WorldEdit,EngineHub/WorldEdit,https://github.com/EngineHub/WorldEdit,2953,28262
android-mvvm-architecture,janishar/android-mvvm-architecture,https://github.com/janishar/android-mvvm-architecture,2928,832
springmvc-mybatis-learning,brianway/springmvc-mybatis-learning,https://github.com/brianway/springmvc-mybatis-learning,2928,17888
android-vision,googlesamples/android-vision,https://github.com/googlesamples/android-vision,2927,735
Packages,sublimehq/Packages,https://github.com/sublimehq/Packages,2926,12052
chatgpt-java,Grt1228/chatgpt-java,https://github.com/Grt1228/chatgpt-java,2916,457
android-pathview,geftimov/android-pathview,https://github.com/geftimov/android-pathview,2907,1483
CountdownView,iwgang/CountdownView,https://github.com/iwgang/CountdownView,2906,10604
redis-manager,ngbdf/redis-manager,https://github.com/ngbdf/redis-manager,2906,119017
Java,HelloWorld521/Java,https://github.com/HelloWorld521/Java,2900,28772
Android-Skin-Loader,fengjundev/Android-Skin-Loader,https://github.com/fengjundev/Android-Skin-Loader,2899,31012
javamelody,javamelody/javamelody,https://github.com/javamelody/javamelody,2890,109374
Sunshine-Version-2,udacity/Sunshine-Version-2,https://github.com/udacity/Sunshine-Version-2,2881,2373
DataSphereStudio,WeBankFinTech/DataSphereStudio,https://github.com/WeBankFinTech/DataSphereStudio,2881,264858
jersey,javaee/jersey,https://github.com/javaee/jersey,2880,38964
ByteTCC,liuyangming/ByteTCC,https://github.com/liuyangming/ByteTCC,2879,1693
best-pay-sdk,Pay-Group/best-pay-sdk,https://github.com/Pay-Group/best-pay-sdk,2878,616
FadingActionBar,ManuelPeinado/FadingActionBar,https://github.com/ManuelPeinado/FadingActionBar,2873,15076
android-Camera2Basic,googlearchive/android-Camera2Basic,https://github.com/googlearchive/android-Camera2Basic,2871,1453
AarogyaSetu_Android,nic-delhi/AarogyaSetu_Android,https://github.com/nic-delhi/AarogyaSetu_Android,2870,727
blueocean-plugin,jenkinsci/blueocean-plugin,https://github.com/jenkinsci/blueocean-plugin,2868,31405
logback,qos-ch/logback,https://github.com/qos-ch/logback,2857,29688
AndroidResideMenu,SpecialCyCi/AndroidResideMenu,https://github.com/SpecialCyCi/AndroidResideMenu,2854,7008
CommonDevKnowledge,AweiLoveAndroid/CommonDevKnowledge,https://github.com/AweiLoveAndroid/CommonDevKnowledge,2854,1037
spring-data-jpa,spring-projects/spring-data-jpa,https://github.com/spring-projects/spring-data-jpa,2853,12960
jmx_exporter,prometheus/jmx_exporter,https://github.com/prometheus/jmx_exporter,2852,1633
spring-data-elasticsearch,spring-projects/spring-data-elasticsearch,https://github.com/spring-projects/spring-data-elasticsearch,2852,45315
XhsEmoticonsKeyboard,w446108264/XhsEmoticonsKeyboard,https://github.com/w446108264/XhsEmoticonsKeyboard,2846,28220
anthelion,YahooArchive/anthelion,https://github.com/YahooArchive/anthelion,2845,35326
RxJava2Examples,nanchen2251/RxJava2Examples,https://github.com/nanchen2251/RxJava2Examples,2844,9598
robotium,RobotiumTech/robotium,https://github.com/RobotiumTech/robotium,2843,2372
elasticsearch-jdbc,jprante/elasticsearch-jdbc,https://github.com/jprante/elasticsearch-jdbc,2841,7823
android-flip,openaphid/android-flip,https://github.com/openaphid/android-flip,2840,5657
FlyRefresh,race604/FlyRefresh,https://github.com/race604/FlyRefresh,2840,2178
FastDev4Android,jiangqqlmj/FastDev4Android,https://github.com/jiangqqlmj/FastDev4Android,2836,52071
RxGalleryFinal,FinalTeam/RxGalleryFinal,https://github.com/FinalTeam/RxGalleryFinal,2834,21767
